id,accepted_offer
32884,0.00012792229
3169,0.81381696
32206,0.8816389
9403,0.046888836
14020,0.0006639982
17201,0.0033660848
879,0.019368064
23757,0.9172395
10821,0.29267168
14355,0.00013269782
32311,0.00029489188
31850,0.038918395
13595,0.008792962
21871,0.0010448323
16735,0.9209975
8040,0.00021727658
14064,0.8542911
17688,0.00062548736
15507,0.22739251
37480,0.92346823
17267,0.00051938725
1670,0.63026494
8528,0.38018325
15755,0.8907414
20770,0.77172333
36915,0.7908872
33728,0.12457545
22969,0.00022422985
8925,0.00046122543
144,0.0040868875
36968,0.00017200693
36562,0.0013323887
40868,0.0019972506
14050,0.89227575
10835,0.025985131
11042,0.0024422957
23685,0.004571961
24425,0.0009473225
8725,0.13063323
25809,0.0011878953
24999,0.8390712
12662,0.0005279482
41020,0.00029145562
756,0.00051084993
28062,0.0001626134
6314,0.000107616564
12357,0.17833535
12515,0.0042638006
23461,0.008012987
6108,0.0007000019
32668,0.008599845
38202,9.285983e-05
2464,0.0008025603
33789,0.0005309218
15983,0.8041185
12893,0.004020683
24129,0.9725151
27059,0.8476572
39196,0.00026274184
29731,0.00011934966
27101,0.0024851866
4500,0.1600925
27190,0.0017010099
3419,0.0004533497
40576,0.108040005
26278,0.011638488
38246,0.0007784361
1631,0.00249074
2990,0.014314597
37777,0.0022668
18428,0.024757009
26095,0.08824275
32714,0.00050730375
35636,0.00033601292
18183,0.0065141404
216,0.0019013851
13328,0.00069983886
24444,0.00015959462
25602,0.032901764
3445,0.44416103
33317,0.000326578
13282,0.025534008
4243,7.418935e-05
13926,0.14300998
3270,0.0012863502
34279,0.0011313047
34151,0.008012324
18143,0.0028291822
26517,0.00073477026
8085,0.25309408
27441,0.08463452
41031,0.051994547
25158,0.94535047
26621,0.0030672317
38324,0.00019336061
8231,0.7561484
28107,0.00616552
11011,0.0021494452
532,0.13648885
11511,0.00084811426
22236,0.026122153
36852,0.79944026
38578,0.00048278784
10646,0.9783972
29822,0.0006170827
16548,0.24884011
2000,0.0006160975
28517,0.0055086757
17075,0.072535016
6330,0.012745429
29675,0.47917095
18294,0.00045020526
23558,0.0007076005
7945,0.0010397908
23678,0.013559975
11335,0.78238326
729,0.0010198001
20940,0.010408294
4168,0.8605849
33960,0.89508045
11096,0.00029941674
4009,0.17531069
22492,0.0017980884
6222,0.75279194
25749,0.8992093
22363,0.7089996
15476,0.7228752
13028,0.000716502
10016,0.00075781817
10098,0.7396027
29959,0.029557435
7474,0.8367272
13544,0.08458034
22979,0.52927685
13321,0.0011904468
15044,0.05521115
40190,0.0040272796
40819,0.11622644
6065,0.16928755
22232,0.0019215298
35080,0.002628947
6912,0.7049761
857,0.0039465856
35753,0.007335764
9590,0.7459518
3290,0.010589762
34533,0.24463789
22846,0.78802764
14181,0.014037066
12005,0.0008076714
37977,0.00041546545
4559,0.16009006
22944,0.0014455224
5987,0.3363871
11806,0.010084887
6245,8.4161366e-05
16227,0.017905384
35751,0.16830683
10089,0.008704214
29632,0.025294742
37063,0.0320765
31440,0.028123692
37493,0.30002472
23250,0.9303781
13415,0.00014047704
26915,0.0016042169
33666,0.15709685
25576,0.00038882619
40348,0.00041178096
36547,0.008374896
33718,0.0004085057
39440,0.0041071395
27129,0.0002891989
6112,0.21110997
10329,0.673246
4325,0.04436071
24079,0.34441054
19565,0.0032332803
28924,0.0009828209
2385,0.9283455
26749,0.7982286
27147,0.5786763
8278,0.00035952835
20190,0.0091416305
14005,0.004528733
37330,0.0126117775
24135,0.94789517
2757,0.013978261
8814,0.007835234
40163,0.012516734
37795,0.0066613825
26142,0.00029392072
3986,0.9782487
26938,0.67037266
28909,0.001588055
9060,0.97468096
40629,0.71873915
26890,0.95123243
19651,0.00067421526
9254,0.023280732
9267,0.00025848925
28238,0.09628927
30626,0.11257091
25837,0.02325357
24965,0.89723027
15572,0.056344166
18917,0.00088629033
7775,0.96780246
657,0.007106058
23505,0.00091994274
21272,0.0009524699
14240,0.93076074
24203,0.15685534
40467,0.8098117
2830,0.10356966
943,0.0084648235
4215,0.0001381173
30156,0.06451789
23363,0.9775235
29526,0.83987254
24387,0.008419277
14040,0.0092924945
14938,0.91840607
41100,0.0209954
25361,0.08050085
26418,0.78587604
2004,0.29805675
34293,0.05164974
23422,0.00068396825
37635,9.1371665e-05
9701,0.88332725
15968,0.04256093
25441,0.00014201876
6882,0.0014465669
36538,0.98303235
18392,0.93627244
36152,0.002178808
28781,0.0004919347
27941,0.0041251727
8201,0.025689183
38615,0.0005243294
29650,0.9317514
7760,0.0002884975
17944,0.013156098
14422,0.0013305607
25100,0.00015701665
37872,0.0028683285
10861,0.29064834
37234,0.008826777
5382,0.95916283
35028,0.011515539
3861,0.001423921
34644,0.00054272165
39220,0.00011427811
2761,0.0007401807
3375,0.00062434503
13270,0.5053674
10030,0.049724467
36044,0.00012882298
33469,0.00030771372
34181,0.77156925
23075,0.8966646
24450,0.8744147
41121,0.07916987
31199,0.002663099
40291,0.00875548
38159,0.004836632
24494,0.00052108965
16954,0.9288039
24122,0.00013741202
9506,0.82168585
23336,0.5778952
7915,0.93036395
37482,0.00010709957
31678,0.8469898
22782,0.55199474
35220,0.000100649384
34066,0.97985065
21099,0.0022741985
14928,0.30890912
15638,0.0042593046
38357,0.000460334
28019,0.04074463
6136,0.1280367
5907,0.36436012
39822,0.0009897975
19735,0.49150896
5707,0.7124304
12169,0.5823019
11583,0.62193185
35930,0.002828363
6390,0.9108501
35834,0.0012577424
23084,0.013866393
26166,0.8141816
24007,0.01246071
25767,0.0016791911
21187,0.007329745
10183,0.4570306
16801,0.49391505
1930,0.019633785
25076,0.00023898814
5001,9.045903e-05
11810,0.0016591769
1430,0.0001720796
13206,0.00020107222
21012,5.178029e-05
30358,0.584887
22231,0.00017245543
3220,0.03331508
14154,0.0022384652
31594,0.00074376026
30879,0.11373898
40055,0.936622
3519,0.8245502
11843,0.0076028034
430,0.021179562
24854,0.013075971
30591,0.027443659
38124,0.065992855
29226,0.00081994897
12513,0.00033761407
37511,0.011472771
39856,0.030252533
34220,0.015665516
17377,0.0018562257
12584,0.0017162404
18838,0.0033398469
18481,0.005278341
1503,0.01660494
15917,0.72360444
20021,0.0011383324
13787,0.0002510448
29518,0.92065835
38537,0.08180911
37789,0.00027615315
26702,0.7680155
31776,0.001917157
12353,0.75958884
29525,0.0004126378
39496,0.00033520279
34956,0.009747149
21255,0.00010499425
12724,0.00066686596
28486,0.0011395144
3715,0.0043590344
38588,0.9889683
29663,0.37816775
1077,0.015913857
6188,0.00043144228
28896,0.20733193
32046,0.00019766617
32315,0.055874486
28382,0.69392353
12079,0.017713401
31792,0.12366085
7,0.00022685598
26842,0.43461633
19060,0.0013466604
37700,0.11127834
8718,0.00078224967
8561,0.00069718214
3928,0.0020969352
16810,4.3323707e-05
13831,0.10557457
25543,0.0003102947
28472,0.40811667
2624,0.11175166
29910,0.00023381638
9758,0.0023514347
4851,0.0037303662
7029,0.0004599046
10477,0.011245144
20412,0.6633059
14111,0.00085668796
25228,0.5473729
13906,0.00090227387
17147,0.04466288
12957,0.56967485
22613,0.37767532
11342,0.00014286822
13525,0.21834907
10930,0.08162691
5822,0.04029788
9798,0.0007039986
38509,0.0003220095
24873,0.0032542325
6988,0.023557276
11922,0.95473963
36338,0.115246825
22110,0.26930818
2992,0.7062859
28751,0.00016074142
17134,0.0008083971
16596,0.48991674
24510,0.009117022
35542,0.028309306
9285,0.0020553314
41048,0.006034363
23389,0.018851234
40718,0.12110542
31693,0.56133455
5749,0.06675903
41161,0.0653942
6660,0.0011805361
31418,0.0014307989
39928,0.35473484
26862,0.3420622
6428,0.012955396
22254,0.00016259604
4156,0.001825718
1291,0.78285986
11911,0.030843196
22874,0.0010631572
31990,0.000861567
32744,0.009805714
39392,0.00036392023
11220,0.0015019665
33626,0.0010489622
585,0.0026578421
35318,0.018627632
465,0.007128
27284,0.08348101
40110,0.060239293
14295,0.000303838
20771,0.0002997652
27248,0.9885755
33060,0.00011996373
9093,0.0019477227
37403,0.22808811
8552,0.12825212
32788,0.12629813
16604,0.0066036424
23709,0.7170894
19498,0.00044525616
22691,0.006787643
1045,0.07744804
16690,0.932225
34123,0.0141813895
11527,0.009430204
11474,0.009253864
7947,0.37632596
314,0.012483532
37054,0.9601496
14606,0.8628045
34869,0.8226481
32697,0.0021902078
5466,0.86762166
21741,0.0006540009
5457,0.00070548523
12051,0.9201587
21712,0.00033108162
8494,0.00016018373
30390,0.00021062182
23306,0.9817348
37935,0.032583237
25768,0.16045038
17708,0.17407735
16846,0.0017518621
18720,0.13522443
18380,0.023110984
14471,0.2539256
25265,0.94982666
38072,0.00059186463
25541,0.07264353
18245,0.7662749
18399,0.004151054
22825,0.073129274
9331,0.0025505812
13701,0.01200217
962,0.002436888
8239,0.054683093
17128,0.639508
8357,0.00022195157
19526,0.17979679
32156,0.0059884284
6133,0.70263916
5549,0.76968217
21215,0.49681965
23327,0.0046162214
30459,0.015101849
20484,0.42848873
15491,0.010294688
33881,0.88343644
3154,0.07734019
16115,0.8584992
2055,0.64462936
28089,0.002239
20040,0.0075334427
25450,0.0028806617
776,0.038873028
26513,0.0073556523
33619,0.22943059
9353,0.047993112
25928,0.014759016
9284,0.4869983
6119,0.00073669775
10081,0.005470333
32033,0.058910485
17428,0.0017135588
19245,0.22691715
30780,0.07981412
35601,0.92744774
40857,0.0002634613
34402,0.5846389
1603,0.0003572406
17742,0.00013265519
8658,0.7808573
35456,0.775316
27295,0.00315146
9126,0.035554998
28956,0.030696299
38991,0.9520308
13316,0.3545376
33336,0.8551602
12966,0.00055927207
7707,0.033645555
38268,0.06922141
38225,0.10381161
20562,0.96370435
6600,0.00039546643
1681,0.89675677
3886,0.0020622832
27651,0.00045121988
20708,0.00094001816
21161,0.00042634137
802,0.0011462338
20275,0.0013226867
21026,0.0006347211
4128,0.0056854133
22524,0.8651368
22247,0.95030475
35498,0.024439154
33615,0.0015076947
10544,0.23232335
476,0.021363638
26011,0.26371512
17398,0.926198
15001,0.0060439687
40679,0.6559987
32770,0.001949778
17516,0.0013565536
1402,0.18002625
20262,0.012828307
35156,0.90392935
14884,0.01217314
5886,0.040575545
31645,0.056101028
31236,0.0010849847
27351,0.0003724104
4086,0.42300284
1905,0.70145977
26599,0.9506621
28040,0.010077878
14572,0.00014582141
5488,0.00035841033
8223,0.12299435
39781,0.010933161
12010,0.0010988949
15010,8.143332e-05
18278,0.19416907
35409,0.00032842424
27070,0.15055405
38622,0.7632328
22802,0.8261394
7481,0.0024836918
33163,0.014778449
15319,0.0035100637
37503,0.0006525186
37344,0.00023412154
29325,0.82501644
22768,0.65340906
14302,0.035473343
31689,0.03924317
33410,0.031705886
40263,0.8109178
21982,0.024859138
10308,0.0004343147
36891,0.97611916
36421,0.002412866
18400,0.94317776
1682,0.015381575
19125,5.283027e-05
26640,0.0090750065
36583,0.9555221
32456,0.00015764989
12627,0.97667503
8193,0.00054762175
22103,0.0072422125
30968,0.0036933196
24279,0.9623359
1975,0.92914295
24991,0.015717203
6835,8.071624e-05
30731,0.25751057
22199,0.82983655
29463,0.0055914437
37949,0.0031745336
3944,0.0023253916
6420,0.00033572118
40990,0.84685504
30496,0.023783172
1807,0.0011097187
11331,0.0040505407
38815,0.18045613
14969,0.00011895471
15024,0.94414294
29015,0.0021630547
4564,0.85905486
40493,0.0022085295
26584,0.35979855
37357,0.0042580995
22892,0.00027909648
38891,0.0052900966
40192,0.000133538
4032,0.00025276182
19152,0.5133258
12918,0.0002999656
39454,0.00045046373
37279,0.8555643
10676,0.86749166
40765,0.0102121
11917,0.03354078
3016,0.1399654
10500,0.8681813
37837,0.026100399
25111,0.013133984
10090,0.00066361576
19067,0.89739
31975,0.004054371
31193,0.007764914
13455,0.0009686458
21571,0.31847632
38645,0.0004348547
31699,0.0010871436
31929,0.0011953993
27779,0.08600756
14563,0.14872555
4580,0.012069502
24870,0.00030981464
1282,0.007600811
20665,0.00014245494
39130,0.8653395
4241,0.00013112741
28646,0.014126737
33780,0.567783
37749,0.20409289
23587,0.00048867625
26294,0.30887747
12296,0.9185805
22840,0.035388514
12507,0.0044338685
23631,0.00031701333
18537,0.00020564493
6415,0.002876375
7330,0.0032396782
7932,0.0008627829
1278,0.00036095033
9520,0.0009973495
7335,0.0009465917
19487,0.00014225405
20070,0.44111946
37589,0.007174226
22549,0.02435596
8375,0.04279994
13312,0.003813568
34385,0.00033488846
39827,0.051114623
2399,0.006079124
4048,0.76679933
12153,0.42726994
28944,0.71643806
2726,0.0030127014
34124,0.004365998
13396,0.0047300616
25673,0.9580663
12821,0.041439395
26296,0.005289582
28550,0.00058796426
25153,0.830198
28986,0.05317584
5170,0.0035742635
13214,0.00046882877
24350,0.0020457872
27852,0.00058620836
18501,0.021260273
31234,0.92553055
11897,0.4920493
26191,0.0026614922
24189,0.7372735
4867,0.0007265433
21234,0.124178424
24392,0.86946017
23701,0.011730551
37522,0.6549518
10202,0.91636884
18885,0.00037705086
11204,0.014538777
19509,0.99249613
40814,0.00093561533
35258,0.0009602325
252,0.054122638
28788,0.0369655
8406,0.00890464
21091,0.00078784645
967,0.49531
7892,0.013675475
17687,0.07487774
21594,0.9624504
19032,0.00013286051
15452,0.00055917824
39838,0.0011038097
6334,0.006291616
19497,0.013917827
23887,0.20606638
19110,0.037474997
18251,0.9152689
9478,0.0018911329
16166,0.011612518
38245,0.00012741184
18694,0.558621
17994,0.0022443752
37634,0.5889452
28479,0.0022668045
11839,0.674579
15538,0.023535399
32806,0.00027169986
4741,0.0041118055
14019,0.96201575
20404,0.006059969
19246,0.014322577
34398,0.10072221
4650,0.1676278
22311,0.11012752
9025,0.0006233895
17539,0.15100032
28181,0.0019735957
21108,6.513206e-05
2528,0.00024578272
18432,0.12206216
40678,0.0071487124
13804,0.7860255
6682,0.83741474
37457,0.0058749076
1331,0.00588253
21130,0.8621292
36370,0.0007754557
27049,0.000914151
36400,0.11290485
37665,0.0005325995
5882,0.6544299
4199,0.00048641418
26216,0.0013911314
28330,0.01941701
39931,0.8208569
18349,0.7042067
3161,0.44362143
17707,0.89518034
21802,0.5911927
11899,0.00013119433
1731,0.9485984
23681,0.09831158
34099,0.38230792
7231,0.007926452
16307,5.992163e-05
24852,0.77749497
5323,0.00068949227
12311,0.004238517
24038,0.93129903
14664,0.00096258207
22306,0.0011446527
2331,0.730693
9925,0.004126051
18457,0.017492749
34223,0.8541227
9539,0.0037956545
10671,0.00013720384
15176,0.7288117
24653,0.0019038618
28066,0.0140755
19099,0.0003660008
12256,0.007501061
41109,0.003157749
13352,0.0005763439
38795,0.0005734595
19237,0.3848222
31644,0.104849316
30950,0.0009023
34819,0.008021558
21005,0.00041420019
38830,0.9378754
14858,0.00014982426
5306,0.93259543
27333,0.002143334
39909,0.8262084
16643,0.10894812
210,0.0010012945
936,0.0013904652
2362,0.55591106
30609,0.74719477
61,0.006803783
15576,0.0012851555
1457,0.48008412
37006,0.0011698562
15178,0.8598483
39354,0.926686
3798,0.0045672734
27539,0.09405745
13972,0.011092834
24521,0.0055934275
19746,0.9624426
16274,0.42441842
8156,0.00047883397
34083,0.002407182
37647,0.0030920063
32918,7.8650985e-05
19098,0.0026239469
31255,0.00040658127
31965,0.9645563
482,0.11951118
19365,0.51094556
37595,0.00018601619
24909,0.18764775
3836,0.0019466783
2081,0.0002815349
11749,0.007704187
36175,0.00054835406
40534,0.013484879
10398,0.0056938813
31710,0.0041590654
6186,0.0034847767
33074,0.8407832
32664,0.023405107
29786,0.014038577
12389,0.00011494532
21794,0.93309844
22351,0.00049100386
25760,0.010168995
11821,0.9096965
22321,0.0004230336
17319,0.0005178664
740,0.7253775
29464,0.0019394729
21297,0.0023743077
34034,0.007309674
1748,0.9003422
37708,0.034679424
6915,0.9590927
11129,0.024457136
9975,0.10487621
35933,0.0034255176
32485,0.12335918
25399,0.005017478
2494,0.004927502
29647,0.91446024
28414,0.00085670553
39505,0.023519
1392,0.0064256457
12585,0.70939916
17860,0.97597104
26663,0.032576196
33116,0.009004697
32145,0.021373311
21617,0.008559051
29027,0.74407446
18957,0.067994624
13810,0.0138561865
12172,0.0004913311
4449,0.00021449552
18503,0.026596328
6521,0.03857582
23361,0.00034669737
15232,0.5931217
1992,0.12853228
25434,0.006778853
7528,0.050244037
5687,0.00018329963
36430,0.5748543
5411,0.00029502236
31178,0.0011275788
39728,0.0010105646
5864,0.98562026
20948,0.01859
34986,0.0009701877
37716,0.0520673
12080,0.1585991
41056,0.55240077
28775,0.016764114
2158,0.0006002225
40337,0.011915668
3115,0.00032926726
1687,0.00027255318
20826,0.01144011
11965,0.91629225
10125,0.008215426
15714,0.0015004798
9621,0.0460327
5421,0.88211966
26851,0.00026150653
22158,0.05225914
686,0.075561
31532,0.86723393
25367,0.00040458483
24412,0.034409825
33731,0.8380174
31383,0.5440399
19858,0.0045100283
7852,0.088564165
25080,0.11327982
5183,0.0010971413
12573,0.23722266
4740,0.0035927182
7580,0.93204373
20779,0.0046974914
19663,0.94873697
36463,0.4955332
38801,0.0025088082
7161,0.0049185134
734,0.0006229295
35665,0.00082766695
26396,0.62734157
7762,0.002023137
27419,0.0063578384
26744,0.0001833421
2445,0.94758415
20233,0.0029499398
27391,0.18447569
4819,0.0011284439
37053,0.8934192
3829,0.6859017
9266,0.018604994
13969,0.025658682
22137,0.85449463
15877,0.00022414116
6810,0.8215282
9134,0.00033831454
20136,0.00565964
22920,0.5269751
32243,0.002023062
625,0.7053915
27976,0.00016602786
16542,0.0012100909
14749,0.0003957881
33390,0.3149671
40062,0.05487956
40916,0.0014926752
7567,0.017857458
5034,0.014235487
17766,0.00020053898
13066,0.0052869255
24131,0.00028844306
35540,0.020783717
20068,0.9510056
20535,0.03266257
13501,0.0088382065
24787,0.0017269719
33607,0.33657607
4750,0.00271335
30265,0.17308193
37972,0.009241483
217,0.85245687
40648,0.88075346
26266,0.0020519414
16749,0.05117972
36056,0.0006185097
36726,0.0017694606
23206,0.7669185
32748,0.2117579
28772,0.0002731622
7679,0.8336105
34709,0.00038236703
30052,0.0029398731
7289,0.010605986
1395,0.3240969
1962,0.6615541
38780,0.024001611
2299,0.0022093388
10497,0.0015551362
26835,0.23627993
2554,0.0045302333
35207,0.010708787
30553,0.98133093
9159,0.00032393145
22026,0.037557196
7998,0.00013170812
39639,0.5718375
13058,0.0002529923
11790,0.75205714
29407,0.90925646
35951,0.00065527274
16253,0.024776129
2644,0.00016264146
14989,0.04705588
6926,0.0016386844
20783,0.9243649
16401,0.00015132867
4785,0.014016793
12617,0.0012148445
22201,0.94508135
14655,0.00793123
16145,0.18100676
8006,0.13965721
38089,0.0002501264
29916,0.1040511
5102,0.02331717
33229,0.0051018535
39203,0.30886173
27603,0.0006200168
8116,0.0004812406
3105,0.81043714
40645,0.0025569384
6748,0.0011304929
30121,0.72075266
32904,0.00021598833
39843,0.012700973
37079,0.80205077
29728,0.038094692
15211,0.00732395
4657,0.0021020751
22508,0.0011512975
725,0.77548987
26954,0.18499626
21237,0.02818425
28624,0.7713386
32670,0.038671173
33813,0.0074258205
8768,0.47693187
7438,0.021274054
20363,0.09766176
28745,0.00090552977
31535,0.007461897
16468,0.009912864
2743,0.00089692866
16404,0.002693156
34504,0.93503684
32687,9.044713e-05
17095,0.013368934
37637,0.05638509
21956,0.00058020203
15296,0.53955066
29589,0.0058510536
40934,0.17560843
2247,0.037445597
36419,0.0006389371
35969,0.0013166129
34365,0.00032793643
32867,0.7489345
36296,0.022377748
5231,0.0016397302
6233,0.3994535
5954,0.0006384821
40,0.0008074459
15107,0.0015120389
15555,0.9177417
33423,0.33135897
28697,0.035086628
13970,0.0029217824
8934,0.8562221
35611,0.09478392
8358,0.1460079
31800,0.011060163
33610,0.9418654
38362,0.0023453473
28539,0.36125362
2110,0.70917386
21628,0.8144052
20251,0.009062786
1451,0.90662956
2269,0.35892242
24337,0.0045829657
36189,0.015994739
15002,0.0023447224
27771,0.83877397
30201,0.0011259356
2868,0.10019268
3488,4.240277e-05
6134,0.00062896684
3242,0.62631804
18341,0.6005289
36502,0.9669639
23087,0.0125876935
2744,0.0065931217
29213,0.006483347
27650,0.083349764
3265,0.00096391555
37654,0.0013975517
12044,0.014718785
38644,0.101684555
5661,0.009674921
3818,0.83167017
29190,0.49234906
14311,0.34544182
39346,0.00013607746
9556,0.30969805
34298,0.6052126
40015,0.0045619565
24603,0.89229584
1464,0.010888325
20737,0.0013418909
18930,0.006082856
28009,0.64714587
40804,0.0005798742
7721,0.00852685
2259,0.9294434
15230,0.00083331764
11902,0.00023880455
37594,0.94043577
26226,0.0036444247
9606,0.0039035603
5697,0.071548015
37170,0.519662
27933,0.00050251535
20604,0.9552183
28791,0.006476143
10323,0.00028395862
2135,0.0026261567
36804,4.852259e-05
14848,0.037557952
34073,0.0006568753
2300,0.0024441646
38763,0.0011118801
28291,0.001807093
17698,0.9817178
25950,0.60416335
7040,0.9054077
2111,0.7370223
16656,0.006959625
17724,0.0001656452
23219,0.90999806
33875,0.033772472
32917,0.005066876
15822,0.015456659
4518,0.039451536
40453,0.000520683
22788,0.32478815
9444,0.52277815
25261,0.029111458
14417,0.42043582
12629,0.0005202108
30493,0.0011420541
8161,0.112308264
8034,0.983815
24715,0.0012438305
23038,0.83853644
32106,0.755599
6821,0.28192753
32588,0.00039407247
38794,0.00021439104
8891,0.0005787566
18606,0.75359565
41114,0.2744818
15041,0.7507456
14084,0.017747525
4526,0.038908765
10632,0.74313915
31504,0.0002592529
14532,0.6256158
3168,0.001001292
32776,0.0039345194
24916,0.032054063
4630,0.006097938
11770,0.9860582
31224,0.00057502615
37623,0.016928248
7258,0.0065482673
14264,0.8639213
39537,0.02836079
5148,0.27426922
29981,0.005054451
14774,5.701857e-05
19599,0.0016668402
14775,0.08124032
24360,0.00092367106
816,0.011201214
21210,0.002566205
3269,0.0040159062
34827,0.0022615348
5098,0.05589364
5712,0.0043684193
30594,0.0017328935
29599,0.0019596685
385,0.86935526
38283,0.0005296572
1985,0.07301352
20057,0.011730756
9974,0.00037829427
35390,0.94660455
12013,0.93081117
36213,0.94580835
9672,0.91277254
11898,0.0008994447
1043,0.7951695
30084,0.0005370283
28515,0.0021769984
4146,0.012212464
16423,0.014067456
4289,0.8691898
31056,0.77055305
28681,0.00043877485
34639,0.0005779813
30946,0.9032449
20882,0.00021550286
8305,0.9639759
31126,0.005262272
39984,0.33481544
22548,0.00135527
1033,0.0046186936
30441,0.00084880186
26094,0.00089383137
19536,0.12284127
10709,0.0007211623
10445,0.9041609
24613,0.0068159252
34555,0.0008292782
18776,0.28667748
11472,0.018777445
30934,0.0002641512
32608,0.8541126
34922,0.004936261
39123,0.0071356236
22246,0.0006978734
9132,0.045511026
5921,0.0005534363
31520,0.09531286
21044,0.004010623
31832,0.0012313577
36483,0.93584764
35939,0.00022914636
16426,0.7604805
36595,0.00011019554
23805,0.059072148
12430,0.91378164
9564,0.71004343
12913,0.030800192
34815,0.0043179095
1139,0.7623128
19295,0.5257006
31432,0.006907062
8350,0.9334928
13905,0.00016269188
15375,0.14954185
7986,0.95428264
6002,0.5140709
9527,0.66767067
34091,0.0009963547
32266,0.18604302
5815,0.00016840352
2982,0.0013448303
21925,0.007978063
34810,0.00020028198
13588,0.0027855954
3564,0.024083273
14320,0.0033814553
23264,0.00032946415
9666,0.02667901
35073,0.442039
19490,5.956198e-05
25042,0.0014974794
16284,0.018119112
26379,0.00058009004
30906,0.08983783
28281,0.0013038092
10984,0.7377314
29890,0.020034144
17909,0.017815625
26163,0.0039033343
32554,0.0019906606
8270,0.00049743033
33450,0.98942995
17135,9.7478085e-05
7524,0.90331143
40235,0.00074649055
33304,0.0029759507
23734,0.0028409087
37979,0.0003308639
17247,0.00040837002
32548,0.8340116
28622,0.004087666
9565,0.0019296989
22457,0.00031780283
21229,0.008468891
20959,0.40630203
2322,0.00022658208
26455,0.001389409
7656,0.8882531
22972,0.0019050791
7600,0.4454599
28856,0.00014620178
8225,0.0004293384
22238,0.82855916
12337,8.1972226e-05
38479,0.015840877
32237,0.1982162
22810,0.5842612
26678,0.010158815
17832,0.8768383
32137,0.95881194
35194,0.008326745
15392,0.0756719
19395,0.4475217
10241,0.009173969
13459,0.23948468
22783,0.984726
3177,0.00024066673
32892,0.0014222215
24903,0.7597121
1557,0.7952318
26237,0.007621099
7576,0.5341197
25617,0.0051040803
32851,0.0068566375
29584,0.85734874
41058,0.03320205
4273,0.5514767
36131,0.03853174
27792,0.00017407614
18076,0.9282241
32110,0.9071178
5941,0.0015259796
28184,0.8196278
19600,0.0006586686
1791,0.0007337298
9238,0.002753038
32771,0.031043006
27131,0.0024112426
12968,0.00045194692
1866,0.9436163
9010,0.0047421944
13420,0.00035244483
33526,0.17831238
24677,0.00029819718
21485,0.9246474
20302,0.00024371059
8845,0.005374699
16255,0.003485451
29427,0.9013056
7364,0.008129325
18134,0.005593258
17055,0.091534115
12599,0.001606427
34686,0.00010131661
30149,0.06648517
22655,0.8191962
26774,0.6495014
30104,0.5557144
20572,0.000556446
16134,0.0013033262
27511,0.00041366077
18427,0.0026680543
1993,2.2479406e-05
19090,0.7003178
32397,0.080433175
21462,0.8268957
28256,0.020837309
26061,0.0007372634
17470,0.00053837063
22678,0.35927913
9186,0.0014714544
4800,0.11571886
30018,0.0013352755
31856,0.0055710715
13752,0.028205005
30185,0.012469555
27593,0.7410927
17249,0.002568049
20087,0.96981806
32755,0.7773873
34890,0.34074518
2865,0.011896443
37483,0.0014522818
12831,0.04975152
18010,0.8035189
23439,0.9241857
17490,0.5412287
38802,0.11826844
6736,0.94846416
32268,0.00010349772
33832,0.0061099287
16010,0.018591162
30787,0.0077731
36470,0.00041677308
31377,0.76091933
33016,0.8705287
23249,0.0006325726
20503,0.049000468
708,0.008348354
8777,0.6273191
11189,0.0013178518
4884,0.00084245286
41113,0.91083914
31172,0.0062568616
17410,0.057357375
8295,0.0008127263
26805,0.08982428
37710,0.17215429
29930,0.013190688
26635,0.0019065111
17035,0.0002773537
19078,0.0007605865
21936,0.00014496464
36070,0.005615005
26169,0.012504088
17172,0.00089944684
2746,0.30224636
27821,0.8990857
30153,0.026914494
12037,0.000939656
20273,0.00017660987
33577,0.10477715
30558,0.8619869
109,0.042746805
12616,0.29309052
6315,0.44297233
1900,0.009772403
8343,0.00013727044
17702,0.001460032
14552,0.0001986176
21073,0.00017159837
13278,0.9685044
7891,0.0056478423
30023,0.0012130083
28569,0.07772036
30288,0.8137196
4824,0.019372387
13658,0.4180573
39418,0.008425417
24776,0.0056845485
7427,0.008150218
5843,0.0019710117
22557,0.49621132
18742,0.034639332
23965,0.75631654
27966,0.43686998
37825,0.9618889
36779,0.0009885785
17815,0.0044134622
22213,9.756839e-05
11069,0.6844536
38057,0.108759545
32462,0.00077006314
18818,0.0027927347
37428,0.0041407896
16728,0.007526215
3277,0.9284906
14573,0.0004502497
38024,0.00054329255
28139,0.022341987
14402,0.015774112
7602,0.97094697
37543,0.84376603
13198,0.002611409
34641,0.14605509
7918,0.0006218055
14474,0.00037515792
34029,0.047522247
34694,0.008355601
7560,0.0009611437
37221,0.008740769
20873,0.9243882
32090,0.0017911028
39327,0.0007818394
5567,0.3046316
2645,0.0005924352
1673,0.0019016431
9658,0.0038759434
18872,0.91986865
24766,0.6457526
17697,0.94878215
4817,0.00052934955
27980,0.005219823
33289,0.00073871715
37155,0.17052364
37866,0.00075915933
28966,0.033895995
29640,0.016617589
30400,0.0041507985
35558,0.12806797
9301,0.0003978435
15124,0.0020555954
11605,0.0022745978
7327,0.064364575
32231,0.016267003
13077,0.0031931477
5134,0.00018308095
18989,0.0049229637
35471,0.7852458
17483,0.7405941
15019,0.18273094
7180,0.87054026
8241,0.0003173088
5114,0.00018913114
24216,0.91071147
682,0.00060158473
9097,0.00026364523
24096,0.00013147597
29965,0.17130859
12865,0.001164382
36829,0.0001510297
12431,0.00014450616
7162,0.03920362
31946,0.5524338
9317,0.00019703561
9087,0.75685143
30917,0.8899328
5288,0.78930193
19827,0.14701594
17295,0.023349129
24198,0.83974195
8857,0.008612245
30541,0.013077515
11097,0.04825821
24634,0.0007469851
31200,0.00047818833
1570,0.79911244
20537,0.00044901593
22609,0.0053375796
33019,0.0007150426
38387,0.1554439
27078,0.0013737091
4347,0.06474385
28516,0.62765706
15097,0.6692959
37931,0.4032828
18600,0.00029970348
39492,0.8763665
33485,0.013426859
13008,0.0031021144
7337,0.07617104
36125,0.00024024877
3640,0.94825953
21890,0.11353017
6526,0.0012430755
12898,0.005483465
40673,0.008217516
9055,0.02794688
14065,0.008430674
37536,0.00011613896
40385,0.9777068
15561,0.3274412
16028,0.00037478955
23680,0.5554807
10951,0.0020092614
32404,0.024365598
14416,0.000665702
33250,0.9561293
30983,0.00036396028
11562,0.8664619
1829,0.6963556
7557,0.19999327
35477,0.43362284
18469,0.0015863805
40011,0.1283647
16054,0.0005205227
20944,0.003993183
8570,0.030729152
39608,0.01750093
30642,9.472186e-05
17679,0.0010795724
19723,0.91898113
15000,0.0037629264
34957,0.77270377
5329,0.00012653887
21437,8.859754e-05
4384,0.16842954
12285,0.038381707
30529,0.18978226
12266,0.00072263525
24081,0.83471745
9270,0.88661885
17034,0.8612435
39345,0.2652834
19533,0.0008639309
32365,0.027368579
3931,0.2901647
24793,0.002540205
34465,0.09004969
38457,0.1542335
22859,0.00023082629
26023,0.011763582
10943,0.0068584234
32979,0.00054991536
27365,0.0011686388
22108,0.00042281408
9058,0.15650307
6739,0.9637429
17854,0.00011793854
28545,0.1929694
16062,0.011075445
9549,0.031741925
15953,0.59087914
13954,0.30546734
36414,0.034891106
3001,0.04960805
33044,0.010818908
32944,0.014557946
36826,0.4994551
39089,0.007666905
28847,0.031295296
32370,0.0005854372
9976,0.07254129
32677,0.011342694
11300,0.00082683214
22183,0.0008547771
16595,0.06830294
35445,0.0007270995
39988,0.45873278
20693,0.0015565805
12354,0.0048915525
29380,0.93040246
24349,0.28692764
27063,0.9354613
27470,0.0018610567
12461,0.0005185167
5360,0.07141103
6480,0.19049804
16467,7.901242e-05
31398,0.006008449
11178,0.035392884
20911,0.0008236667
6633,0.0019639689
8277,0.40969363
29350,0.00018867671
29302,0.016666876
18869,0.020805331
19511,0.53910863
23948,0.9840551
6969,0.08092157
39879,0.041269816
6552,0.01213252
27257,0.0021327133
37807,0.0018705167
3095,0.0006319399
3953,0.89283586
29285,0.03541144
18104,0.003499811
11288,0.003165284
25418,0.0007611967
10850,0.15161885
27512,0.92101294
28390,0.0041141845
21857,0.017366849
15509,0.001102085
16483,0.00040760575
30967,0.00023688651
14200,0.74712974
9737,0.01690518
40859,0.011826605
36534,0.9017669
23120,0.0003042859
15681,0.00030501696
14014,0.12935932
14453,0.11441153
19609,0.0005733376
11500,0.33106962
22546,0.8386333
12143,0.42019826
36959,5.471811e-05
33031,0.8690516
953,0.020863106
37648,0.009602915
16718,0.00021314692
32905,0.00052285014
7781,0.8364989
15243,0.0846759
40405,0.150538
36896,0.00025772318
5100,0.13742994
608,0.0001893883
33152,0.019117553
34088,0.0019436856
19711,0.9806513
13177,0.0002855035
354,0.005830268
23133,0.5048649
17317,0.003347592
35693,0.00054824847
20938,0.0014390635
5071,0.1233342
15481,0.0015163473
1736,0.007846985
31748,0.0008058521
16655,0.8490635
5352,0.8655321
25005,0.0002065461
8482,0.5151156
3425,0.0016448017
15027,0.0001921478
27118,0.6982022
6994,0.7222014
37141,0.14983703
8692,0.007116458
12509,0.0012104148
37253,0.66399336
791,0.84885186
8393,0.00018863354
9685,0.00080107455
7251,0.8963134
23285,0.007638013
1808,0.011071524
17746,6.2184314e-05
8687,0.0005239297
31449,0.00039467908
2608,0.82364786
27745,0.7300159
5795,0.004084445
30073,0.0063729878
19151,0.0006069454
1796,0.59640795
13047,0.00045396504
30120,0.00080854923
4968,0.91585916
17961,0.00033445517
8247,0.0014699138
11550,0.008439811
29485,0.008846431
2276,0.031802494
32995,0.2786065
27392,0.0031079904
29942,0.012353275
198,0.0028205104
3942,0.00073525537
29983,0.011358062
21880,0.00089293113
20563,0.28745937
12709,0.009810034
7984,0.97294396
9235,0.00042276934
9648,0.001272801
38039,0.93983287
1319,0.26075253
10369,0.073255375
27725,0.004540196
7650,0.65723866
29448,0.4911607
11376,0.043938488
7379,0.026695974
32707,0.00023258614
11903,0.0011276207
35332,0.014889743
5186,0.01402839
3792,0.00018884175
34684,0.007652385
12299,0.0013131922
36121,0.6684801
3434,0.0010236732
35963,0.042799663
39234,0.86054015
32227,0.07515973
30172,0.8530206
7778,0.28931862
12083,0.021711579
28160,0.6305524
26322,0.90249866
26719,0.019504365
32906,0.00019696349
39775,0.007316431
2915,0.94082254
36553,0.011068976
29184,0.0008370497
36503,0.015393349
2531,0.36184007
429,0.74090767
16572,0.0034061149
38975,0.00017658022
5553,0.00021619705
4283,0.0018802107
22654,0.007935156
38871,0.010552376
33103,0.5215316
22608,0.13034068
19534,0.0013380712
22845,0.2106555
35562,0.010650561
28957,0.015940022
2296,0.24284144
3593,0.00260399
34200,0.050673027
22653,0.045654476
19113,0.0014147931
33503,0.15763937
6551,0.000713356
17487,0.8612266
31865,0.0037891513
35765,0.0011406873
3780,0.06660654
23497,0.070101425
17887,0.0039278334
35679,0.004870948
39472,7.61716e-05
25973,0.0035139488
34316,0.0071487124
35454,0.0009396417
28588,0.0033319248
28417,0.7189017
1398,0.0026789429
28821,0.000101311205
8568,0.003916968
1323,0.005052924
29514,0.877416
17060,0.81208205
35469,0.034967247
12179,0.09011422
29494,0.0003163181
31012,0.004963945
36508,0.0002435949
21893,0.0076777744
4520,0.9859758
7401,0.0060844794
1467,0.0009793373
18496,9.4735944e-05
33984,0.00058865536
35576,0.9198932
39867,0.005484565
24483,0.58435196
23153,0.51594216
9366,0.002150503
13577,0.7634314
470,0.20489681
39329,0.088372506
38277,0.00027787327
4811,0.46245643
12030,0.003775946
17925,0.0005763439
262,0.0020692518
21861,0.81361693
10421,0.777323
22252,0.0005959808
39451,8.223961e-05
4029,0.0013508662
28431,0.069894396
19272,0.0043345713
5053,0.00089302514
35286,0.0004502806
34834,0.6331734
29519,0.0047275815
20163,0.9159755
22235,0.0007865225
24320,0.88765436
15411,0.86112547
29400,0.81778795
6316,0.00021493959
29242,0.0005501896
39023,0.00025495878
31617,0.0025725143
9313,0.0006748439
5576,0.056459785
8565,0.075463556
13610,0.51753443
28897,0.00019478508
3930,0.5731099
14945,0.10519297
5478,0.39251482
24668,0.00048213964
15670,0.0121399
35232,0.9096797
15837,0.0005523507
15750,0.0019337282
12033,0.8900605
22197,0.7463182
10178,0.0049086073
18796,0.008568561
1864,0.71844214
22970,0.16339105
19300,0.92673576
12315,0.027572941
15239,0.005175373
40196,0.033077728
40151,0.0004662219
5260,0.7442754
5654,0.038455408
39320,0.0041188835
35499,0.0063668066
23850,0.01562564
1911,0.00034485123
40266,0.005922212
1554,0.0007592215
17786,0.5675868
38381,0.0007066133
18003,0.00017797967
22744,0.00039801837
14607,0.8765055
15406,0.00063572236
25145,0.122861415
17056,0.0040015723
40694,0.00031330594
11014,0.0030298985
10853,0.013782746
24025,0.94669014
18593,0.0007027267
26448,0.013523819
28929,0.0014095543
34345,0.00021250648
13399,0.8980387
37049,0.0003967936
9281,0.0020127161
8059,0.1732297
31146,0.91246676
32785,0.5077804
23204,0.024167381
30839,0.0003593125
2351,0.0010299035
28904,0.14875005
9464,0.0018055333
32988,0.004111493
1786,0.00042143944
27910,0.022460816
16773,0.00023703833
32780,0.0098155765
13968,0.0039677387
38724,0.0005641634
624,0.00980777
6161,0.7255508
20717,0.00017312913
3615,0.09185858
9753,0.90473694
38384,0.055147298
4569,0.10651575
27841,0.8471992
7815,7.213152e-05
28070,0.0003440544
35704,0.0014105741
19211,0.00043336596
37553,0.8622855
16522,0.0044324477
9792,0.00022591336
38219,0.0187023
36371,0.005910828
17053,0.4452025
3539,0.04043205
5959,0.00081067625
27239,0.05140941
28323,0.02892551
6803,0.017681703
1895,0.0010159889
19524,0.70041496
36669,0.8820862
35497,0.0016246994
23679,0.6665344
18508,0.0023978394
39480,0.00027355264
35457,0.0035939782
20834,0.019532777
40674,0.00024887468
40029,0.0003177156
34224,0.014484705
32571,0.42511055
32019,0.07898721
32852,0.003071082
30571,0.6977658
32273,0.0020557852
39243,0.6020505
5787,0.0016810218
1623,0.0016056617
2635,0.0023932732
15769,0.0005713571
12093,0.9566844
21102,0.009037106
30269,0.52336913
32768,0.020996287
33902,0.0008958439
39490,0.00048770485
26528,9.700758e-05
5020,0.66084224
21046,0.023867862
1487,0.0011364942
12593,0.9604139
16947,0.11723677
32257,0.3676116
7390,0.120231755
17000,0.00017816288
30385,0.9270012
35635,0.00020590372
24463,0.00016888029
32521,0.5827815
9994,0.80986845
35155,0.18718334
3018,0.0016615457
25125,0.00028281953
5726,0.6379213
3318,0.019795388
26404,0.0014436074
26812,0.8669813
39420,0.0015862318
24377,0.06006487
38177,0.0015489727
17255,0.0016338644
1647,0.29771397
19045,0.035048548
1697,0.34148246
39980,0.0033368084
18206,0.030921003
40323,0.1725589
25290,0.46450335
11658,0.79046786
33358,0.0007329097
14261,0.8515315
17054,0.3629853
38317,0.052522194
17807,0.81678754
4421,0.0019887611
25402,0.11439546
9724,0.046138633
4165,0.00020080763
17120,0.0063951258
37902,8.0916e-05
11574,0.00018213235
40508,0.054346718
8801,0.0035753523
25862,0.002879027
15130,0.29838094
9604,0.1398895
13039,0.025988488
32986,0.5845665
34537,7.724188e-05
15914,0.04855213
11807,0.20896246
8780,0.850966
19471,0.089539446
6868,0.81127465
21488,0.009799517
3253,0.0008370876
18571,0.0010707368
29338,0.00010653385
37915,0.009725922
10175,0.00013461652
32582,0.17082657
10863,0.8904072
40302,0.0006168005
39485,0.00097260094
655,9.650427e-05
25098,0.34508264
5211,0.45133743
18974,0.0019023066
323,0.97459906
24471,0.3397188
30693,0.49765292
11191,0.80927217
3568,0.005287166
35326,0.0030190328
16230,0.00801127
30597,0.0021450224
6111,0.2289078
20915,5.0621005e-05
28437,0.0005355349
4647,0.0009768496
38857,0.28301528
35078,0.00094422273
304,0.0101766735
1484,0.8021754
6662,0.041665807
480,0.44670233
11661,0.0014106694
8821,0.16710141
31246,0.005139611
18355,0.008037992
40710,0.003954367
31407,0.08042085
28317,0.53012806
25526,0.19434544
38071,0.0049658814
28381,0.18904224
4615,0.68300426
25889,0.075830825
38448,0.92163295
24018,0.12564594
20427,0.0059293937
17593,0.014318061
4265,0.06669174
26520,0.9494606
6211,0.00029754682
26063,0.5261763
2826,0.004659677
31581,0.0032605724
11732,0.0028060952
14627,0.027656417
21900,0.34464648
3929,0.67682564
28124,0.0021273568
38129,0.0029958067
13914,0.94355226
22878,0.000730777
3548,0.012367688
12774,0.9130145
5715,0.5308138
4093,0.67719644
14180,0.005832355
35357,0.4980618
10877,0.39414978
33717,0.00025226272
25580,0.0476749
31951,0.0037463885
1640,0.0005728457
18784,0.0043022283
17227,0.94433784
28050,0.0002707617
15109,0.0015569148
18550,0.00045277315
5401,0.00029332782
39184,0.00019413614
9898,0.0004283781
550,0.35182658
6871,0.10571452
34214,0.9410574
38289,0.055452615
19214,0.105988584
2767,0.0007789507
10994,0.00037265598
12272,0.8465129
70,0.003260763
11836,0.70932573
15564,0.000368101
1442,0.0068285745
22567,0.0011515679
9661,0.2737997
7033,0.0013767751
853,0.400835
5144,7.083563e-05
7901,0.4049692
38661,0.00029194148
21719,0.8454196
12594,0.8942375
33994,9.150438e-05
28005,0.00019304467
10092,0.019528124
15297,0.00188626
14424,0.0011958231
33522,6.0503924e-05
13552,0.0032605955
20265,0.045566082
30434,0.0005653673
11501,0.8778114
128,0.7898655
20020,0.00042363512
30237,0.00066419435
14725,0.024701957
1175,0.0075216005
11238,0.0011525946
24247,0.01689755
31443,0.05502093
36924,0.07837836
28713,0.17547584
30534,0.0059680208
25694,0.0016372671
25898,0.010612132
18529,0.18854326
15986,0.0004787637
12038,0.015164789
20178,0.3427303
11239,0.14261176
27447,0.98283845
11398,0.60397875
22755,0.009695887
11893,0.000900336
2772,0.0075198496
15841,0.021207476
28420,0.0017710051
14657,0.0040493486
23589,0.018216237
23111,0.6678791
16511,0.027949166
7592,0.00016807707
3622,0.27192536
20822,0.00039160717
19887,0.39396748
15146,0.023772331
30235,0.01126175
33247,0.00054239377
469,0.0010449437
6293,0.018564453
27363,0.8264729
1240,0.007303815
23421,0.9951043
39232,0.92533296
23745,0.040260058
16030,0.9805729
19028,0.93208826
30017,0.9638017
39848,0.013909551
24369,0.00017863918
21546,0.0028377601
10747,0.00043378136
8042,0.00067509094
5946,0.00019280169
17418,0.9377453
31066,0.0064371875
6605,0.8012549
24172,0.09093339
11224,0.49751592
4448,0.0025804979
38180,0.0032788992
29560,0.9471304
39903,0.00033142616
2541,0.0053762333
11427,0.0006029857
13624,0.75890934
13549,0.0006656823
28696,0.09073069
26766,0.9263207
24261,0.00018526301
27362,0.0023283507
26885,0.0016967908
6524,0.0030211406
861,0.0007333345
6735,0.33803147
40016,0.0012723701
19085,0.009880294
30239,0.035988055
23362,0.00014535109
40928,0.00043267893
2348,0.2520614
1483,0.0012361082
3785,0.8726044
2980,0.0046833605
8564,0.9394894
2182,0.002258785
20038,0.086238354
14303,0.0005622215
23297,0.002554748
3876,0.00046111923
21420,0.99141943
28945,0.0008909548
13099,0.85344696
31282,0.84751135
25315,0.06338174
24056,0.0009990257
21191,0.051126916
38666,0.0057252743
20543,0.027324032
25086,0.22191596
34495,0.00385971
14631,0.3007549
4152,0.0011508053
11635,6.915045e-05
3214,0.0013146726
15153,0.07917359
15145,0.9214792
36624,0.86345726
4217,0.0018191672
3461,0.044466358
37980,0.8680222
33260,0.004390112
3150,0.00046077318
15135,0.05706857
10949,0.00043658775
19966,0.75314337
21444,0.00048633557
21052,0.031313762
26701,0.55175525
39270,0.0013647005
7725,0.22057062
7594,0.38023937
926,0.008709948
28589,0.0042179246
5809,4.445734e-05
40879,0.9502758
16729,0.9130441
40601,0.8315014
2020,0.4645562
4619,0.010863292
27849,5.155856e-05
21278,0.0035005282
34024,0.0037553709
26578,0.03122788
12116,0.3301458
38234,0.00017376618
35718,0.00045549954
40038,0.37591413
32491,0.00045601153
34696,0.0019491415
39263,0.77652186
37288,0.9334216
16883,0.0017164389
20410,0.024523482
39522,0.8725456
31842,0.00029516924
16315,7.023525e-05
2174,0.07103705
4144,0.38759735
17505,0.82798344
6612,0.9701558
6346,0.018501034
26338,0.2536544
28695,0.0005886113
38272,0.94970626
2625,0.927236
30047,0.00010785346
499,0.0006061713
27720,0.07187108
5572,0.00835466
1453,7.256887e-05
23677,0.0009865101
29701,0.84367925
37068,0.97522414
3855,0.015004132
30703,0.0015826772
36824,0.0009008775
31025,0.0016359161
40611,0.0039424975
39960,0.004991182
4855,0.87308383
13302,0.0002964926
12728,0.00021473902
36489,0.022492597
18491,0.0009715122
35182,0.00014603975
16156,0.00035034557
27164,0.0067253336
37596,0.16372392
9712,0.034248646
36530,0.9352615
40791,0.07302351
35844,0.9425509
15956,0.52781427
12895,0.0041844193
75,0.0037553443
10656,0.8515363
26923,0.000607231
3719,0.0011158383
24294,0.00023562688
12871,0.7753624
26991,0.0013051293
17313,0.00018232888
23542,0.02864653
20417,0.0048862197
34318,0.00030691212
31072,0.0007815344
6705,0.0019846135
25423,0.5345079
17537,0.0001912983
311,0.006959065
5227,0.05490087
19951,0.24386266
5893,0.8738738
35387,0.0020054174
40702,0.890924
32469,0.0025052165
30377,0.00026661713
26131,0.1495111
35629,0.05650293
10915,0.004713325
7809,0.42039832
37224,0.9426385
24404,0.08528802
24753,0.12850094
17781,0.7332948
7718,0.0032995953
17002,0.6044558
26982,0.07973531
36132,0.95713097
25131,0.00015395269
12068,0.00086809887
6100,0.00094288547
23269,0.34737727
25485,0.28673694
7201,0.0076760054
33219,0.00015137903
10586,0.07723703
28573,0.48061016
4183,0.00017040175
39739,0.011114541
3933,0.013230203
39363,0.014048303
8256,0.00066649204
28936,0.0052031814
6401,0.5132762
6824,0.004716173
18560,0.06018866
438,0.4997
21578,0.35914788
8904,0.5283465
30655,0.777865
19244,0.19907105
2969,0.32196268
5757,0.023087086
15865,0.69475025
20934,0.00019539746
27352,6.1164974e-05
35338,0.0006989511
34768,0.012890776
29469,0.9828237
3979,0.0049510226
5875,0.0014539319
12962,0.71466345
21178,0.72338533
36363,0.007007912
36052,0.004780882
26748,0.16150232
33909,0.00047734848
7468,0.00046967462
22186,0.90561223
24737,0.010012436
1072,0.8769031
8586,0.010323498
30252,0.5788224
11321,0.0037292535
40704,0.98200005
34183,0.45471108
6742,0.0054873014
16410,0.0002644609
32458,0.7631155
11237,0.00018537522
35592,0.0036809668
26127,0.00034614204
9810,0.86512405
38630,0.45740926
17581,0.0017195932
29471,0.01431621
16731,0.5976519
23278,0.88264745
19820,0.00027073716
40185,0.91241527
21388,9.993728e-05
40907,0.0006111303
27984,0.00048643758
3000,0.017688753
22305,0.6723952
1,0.011750258
34751,0.8011495
14528,0.0008570387
20920,0.004694973
27154,0.43268335
7321,0.05417127
25050,0.008176815
9401,0.0019017934
30524,0.049530078
1426,0.04021249
29071,0.0004465777
27057,0.70528036
10575,0.0059906933
39271,0.00072108395
31121,0.012211026
19492,0.053777557
13687,0.00064072234
9738,0.002420399
25813,0.72725487
31974,0.000683604
1656,0.8571577
26243,0.004790566
26603,0.8315671
7325,0.001135298
32405,0.4693043
40090,0.51626325
1034,0.6465978
13857,0.025818417
36149,0.00026093444
37808,0.009065573
29698,0.013940515
21030,0.14814141
896,7.974103e-05
35374,0.8224585
2877,0.2841236
5321,0.0029520586
37012,0.36293557
23163,6.0204697e-05
2907,5.4908433e-05
32807,0.001114027
39186,0.98462206
18123,0.009575965
27590,0.0016421988
20883,0.5132804
34210,0.039854854
10008,0.97614497
8317,0.73899764
13059,0.0029063576
8238,0.00044640535
38876,0.8947379
27217,0.37811446
40589,0.0034311833
33843,0.014702141
14381,0.3310138
29313,0.6369097
1675,0.033119168
21668,0.0015938872
34863,0.9211222
14006,0.39018112
5881,0.0403035
39350,0.92723924
32170,0.007812476
2231,0.9025563
30918,0.56215125
6914,0.17252636
33520,0.0006659104
34725,0.00047371298
13,0.62642455
2814,0.84304905
33347,0.010561709
23770,0.0013745099
20492,0.0008254018
18564,0.48587817
1418,0.653722
1536,0.8666597
15459,0.26336148
12505,0.9393694
15780,0.6566977
14851,9.6444564e-05
33911,0.00018453736
10600,0.41049773
13639,0.1494541
9985,0.07287456
8135,0.0004894002
8932,0.6260759
23743,0.0033246344
14198,0.9414918
11905,0.00025029626
36094,0.0005829381
39393,0.80717576
16026,0.01978043
24155,0.85300237
26697,0.7460008
17975,7.1327064e-05
36904,0.05367913
30243,0.00022605967
1784,0.012789382
1213,0.3540816
28319,0.03069776
6324,0.02655357
37997,0.12953106
23976,0.9405677
23451,0.0090745175
27427,0.0010700766
40378,0.00011620111
11225,4.4823784e-05
37163,0.00144457
33849,0.0019754826
9779,0.041723166
21978,0.96472967
11104,0.0013371342
34337,0.00031165848
6515,0.024718912
38007,0.00032408003
40030,0.00044293143
21396,0.066911496
38853,0.9648667
39409,0.91082776
20164,0.0006058054
27805,0.026170246
8439,0.00011820267
26377,8.166685e-05
2813,0.007227202
2875,0.0012448018
13069,0.07384308
49,0.00019662948
25414,0.03913108
38983,0.74359673
16414,0.40440512
8659,0.0026570065
21597,0.0032493009
22649,0.0030796565
4203,0.797516
13320,0.0017085854
33111,0.004651784
16298,0.012188017
27111,0.29723427
37162,0.94477636
631,0.9102667
14703,0.08755584
12064,0.004961755
12230,0.0015548993
31033,4.073861e-05
30278,0.0026713426
3248,0.0030852435
31275,0.556451
27695,0.0047006854
18809,0.00027209806
24740,0.0031580522
23883,0.32436436
20416,0.2912642
6433,0.8152077
35389,0.6997279
15431,0.91270226
29180,0.00029480195
21960,0.3240815
21567,0.0018419902
14314,0.0010968941
29843,0.0010591743
30094,0.9766465
12426,0.79692966
11878,0.020889334
37936,0.007495933
39486,0.06729386
32023,0.00070166605
12981,0.9457914
32122,0.08214439
29474,0.9774228
20634,0.60677445
6194,0.0014460062
38322,0.74131626
26837,0.05556499
30044,0.008946803
26703,0.009094938
38380,0.00010370735
26618,0.9169254
36839,0.0018734542
12730,0.0046271193
9263,0.19993955
1174,0.0044952333
21910,0.30319488
26392,0.0056424947
29779,6.62033e-05
23080,0.013246647
19048,0.0014211269
36504,0.0005914205
17228,0.78968704
596,0.08492483
35452,0.4740956
14018,0.010942286
14233,6.0165148e-05
16797,0.5547907
10996,0.0011781445
3899,0.048595134
40451,0.0024166394
24177,0.0013030419
1478,0.0050179255
40054,0.28063717
1078,0.00033438983
35824,3.6582456e-05
15283,0.00751286
39782,0.0062340796
30365,0.0093491
18303,0.04587191
471,0.015143361
31267,0.90101177
16966,0.00017570586
36195,0.455338
35691,0.80356556
38708,0.0007011306
6231,0.017448246
21320,0.051448163
32162,0.0007165717
26059,0.42790636
17681,0.16628347
33348,0.036175847
27893,0.001665108
23149,0.0015732971
36950,0.003165576
19914,0.014417906
36315,0.00064601697
27555,0.013624884
30226,0.0001911628
23273,0.9193275
27148,0.8157548
15609,0.07338205
3391,0.09027226
37758,0.0067173233
6698,0.031794082
19626,0.0036878812
20912,0.048765857
31906,0.29137206
29358,0.029471675
37629,0.022678444
32460,0.0038449958
34623,9.694229e-05
6985,0.0045314226
3350,0.20552476
30675,0.0009942614
26002,5.0119485e-05
13315,0.00196219
10157,0.1474754
12705,0.43833712
9806,0.23850754
6847,0.030248186
28335,0.7840335
40177,0.022730852
22638,0.84288454
32428,0.0028660148
13267,0.9670388
1566,0.0018941568
428,0.0014624051
15652,0.00043928123
20351,0.98601437
7132,0.0005502318
7062,0.003642836
96,0.24999994
35543,0.9822073
25672,0.0032707432
27121,0.0048552305
10936,0.94803274
21056,0.05265583
23441,0.0008499285
35697,0.03821931
7149,0.04001788
25604,0.14927155
23575,0.9290267
27620,0.017027829
6039,0.0061852476
7411,0.010346836
28159,0.009201354
3460,0.22283085
19788,5.94803e-05
19608,0.021472545
6043,0.0076035517
2265,0.007233688
37081,0.00066615513
1162,0.0024050714
28830,0.0013768917
12547,0.7062363
20283,0.5810613
34853,0.014779664
3628,0.78718597
38123,0.02417387
2893,0.37197456
12946,0.959027
3431,0.7880546
39710,0.3928461
8409,0.0043747514
1413,0.02364922
13108,0.52526855
33440,0.48034376
8471,0.00048223312
12839,0.45360628
29999,0.7851877
35233,0.012387682
6024,0.0001781138
39515,0.008599284
14221,0.011516625
3356,0.71106243
26949,0.8836979
36097,0.041126423
17657,0.00053624646
13736,0.30398095
16055,0.4915996
8021,8.284474e-05
29653,0.83362985
13130,0.03410462
447,0.0943109
22856,0.0022925788
800,0.73369616
20123,0.00017964869
17714,0.0011079384
40000,0.89746886
24567,0.00015732207
3885,0.50016904
33238,0.0028940812
38561,0.00022885489
16601,0.7853771
30827,0.9284131
21261,0.023128383
23882,0.0018829071
34607,0.23503926
19671,0.022805488
12725,0.12964427
34589,0.021412738
25941,0.074779324
13197,0.79669076
26632,0.023162127
26229,0.33512977
26803,0.00010779146
7315,0.05500023
27891,0.01676104
16416,0.0006911126
6759,0.034180623
15435,0.00345526
10648,0.17103842
204,0.0023981838
3416,0.0031684376
12477,0.0007621697
31796,0.0006838669
33058,0.0012848593
28771,0.0022831333
1562,0.00042001106
584,0.97150946
13014,0.0013969883
29030,0.0082410965
35372,0.0011520167
10189,0.0031195784
21331,0.0052220626
34452,0.004995492
4201,0.011397871
18115,0.4917361
36969,0.82143277
26315,0.076127544
14074,0.0032103732
22665,0.07092355
2791,0.0007028526
16953,0.0003122968
5960,0.00037352985
37668,0.17577085
22294,0.19118784
12800,0.002547382
13793,0.0017147738
14487,0.00055723015
37290,0.6456743
21656,0.00025644884
3281,0.11206863
34609,0.9696398
18264,0.36648732
19570,0.0026150097
8090,0.005552025
18607,0.35813642
33311,0.002249054
86,0.0044192844
724,0.00050099206
35858,0.014667851
38942,0.08848028
14085,0.90554416
30261,0.013577533
16248,0.0003578163
27894,0.00038731346
17126,0.051018115
15897,0.12511817
31223,0.013022279
23514,0.7566403
12136,0.020232858
18219,0.8095208
14632,0.6875807
10134,0.00035010048
24629,0.00021742456
9548,0.83446723
2325,0.94061095
6482,0.0016030533
27347,0.0005060271
17039,0.00014370123
13660,0.8821579
2585,0.03214981
39413,0.15815052
18203,0.04584347
6481,0.2410458
21208,0.00041478343
39727,0.01911365
8713,0.97270715
30546,8.946964e-05
18894,0.008967829
22795,0.92625743
38101,0.00080081663
21535,0.003917383
24046,0.0048198174
1023,0.24621226
20819,0.005094622
3698,0.00013188343
18097,0.914677
12690,0.004170605
38541,0.00029659804
35115,0.94199544
34440,0.0032846045
7706,0.0013430191
12081,0.0500714
7229,0.0049901977
32470,0.0010955617
30765,0.5927371
1763,0.958712
4913,0.007825242
6442,0.0025352957
23947,0.0021285648
1270,0.0065877554
29449,0.014675682
22316,0.0055656293
39009,0.024100192
27262,0.7758241
1232,0.00021207838
30748,0.874959
13062,0.9812158
11813,0.04402375
24176,0.75500816
6434,0.05951728
7827,0.008632197
22417,0.61024666
16190,0.00025129793
2595,0.00022009476
1188,0.04235134
19351,0.00011442357
18180,0.29112312
13655,0.8577878
40472,0.123238325
17354,0.0064091575
35053,0.00018962284
13754,0.69955045
37549,0.0030210586
13659,0.0017558192
21593,0.0037198383
7729,0.9446754
9928,0.00020436617
1303,0.8688863
39662,0.01185993
24126,0.871309
30700,0.00026320544
22730,0.057949383
39255,0.89912087
25581,0.07809277
1599,0.0019325276
2149,0.00034163427
27522,0.11513901
39533,0.037263293
36080,4.1200805e-05
16804,0.0029427595
11275,0.033297088
8541,0.0062714624
29919,0.020568104
16552,0.0076187295
37399,0.0035304723
29865,0.8668835
9036,0.001552017
39823,0.00012548281
27214,0.100459486
20231,0.8649286
22579,0.5194128
9240,0.7397348
10428,0.0009005887
2133,0.3688571
2650,0.07902558
40550,0.010370124
30759,0.024460485
14907,0.8203298
30965,0.69616836
15665,0.00014726204
8500,5.6863482e-05
6972,0.80860394
13574,0.88583404
11963,0.00018258305
16268,0.0016626574
9561,0.897839
11404,0.0022431144
20060,0.0008657558
5692,0.11635885
40654,0.00041556807
22083,0.9400843
36564,0.00032706876
5262,0.007411488
26468,0.0006584737
38363,0.012195747
34547,0.00036684965
4237,0.0009020404
13904,0.012438057
26770,0.009036077
35309,0.00019992194
27617,0.7955844
2116,0.010528093
35602,0.04603694
26780,0.022153094
10381,0.6859095
36350,0.00043061186
25320,0.0037480318
35998,0.0056821043
21222,0.079622544
37047,0.13623996
24915,0.9735232
27275,0.065658145
263,0.9306995
10065,0.00026715125
19869,0.029536434
273,0.86471605
31354,0.0024859621
4990,0.0007009452
16918,0.0009467446
15594,0.35337657
5920,0.9455082
36340,0.0041501676
1194,0.0010783108
13797,0.00018739353
31339,0.0038769247
6675,0.9128476
27986,0.009781867
14854,0.10133158
34074,0.0020324644
36740,0.1912905
4160,0.0011045445
31313,0.02208582
35593,0.3901736
14766,7.580899e-05
39518,0.07559979
37896,0.003933163
10628,0.2817754
22122,0.0006598957
36205,0.79614305
32761,0.021263774
40957,0.10772557
29547,0.055901304
15885,0.0026517843
36862,0.7444893
40316,0.11183644
6013,0.9360795
3502,0.8903745
14095,0.0040469393
14223,0.046636067
31369,0.60710174
21626,0.15868878
29370,0.73661536
40822,0.08163857
8957,0.034195643
25165,0.0010326437
15838,0.91256
16357,0.006135678
19848,0.004992343
21701,0.9769494
26993,0.63950175
12613,0.4587619
1157,0.0022521752
36796,0.0028961888
24138,0.017806374
16316,0.0007751409
39846,0.15566143
10718,0.016768925
15783,0.42670634
28599,0.002578167
14508,0.0115001025
41074,0.00031691484
24731,0.9500642
37666,0.34244058
26321,0.0008096838
14483,0.00028922842
30345,0.00027219718
25690,0.009890604
27055,0.00021745337
7886,0.0010829119
2741,0.121427074
6493,0.30396053
343,6.9479225e-05
19546,0.80686104
27095,0.007943652
39829,0.26911908
31867,0.59480375
13360,0.9900842
3230,0.017941887
38985,0.2777166
32190,0.00010442731
2308,0.0009904975
28519,0.8113472
31155,0.004912475
39077,0.00044129035
6904,0.46649042
10765,0.0029515238
10406,0.0019507702
12607,0.050177384
25066,0.00046339203
1699,0.0093084825
24461,0.0014453826
31989,0.0013179654
23230,0.0045957174
14344,0.8795728
36409,0.024709558
30085,0.0010969349
4401,0.0038249122
27178,0.91857433
10240,0.00010868725
18507,0.893534
12310,0.00014292939
12678,0.18860464
19855,0.0114554465
38372,0.54075843
505,0.45704702
25295,0.0068116663
34388,0.9495554
8421,0.9759439
23556,0.0003882972
10031,0.9573318
41088,0.015626894
37331,0.65490675
19645,0.00040264853
21561,0.019504359
18686,0.012693997
3643,0.0735206
7948,0.0011700311
16367,0.00026840912
39500,0.005068357
35606,0.00071984367
34736,0.4620671
3555,0.8195619
31687,0.00013763679
3581,0.009552644
31494,0.010389309
322,0.047511503
4455,0.0009499277
20407,0.080766335
28814,0.0004188801
10324,0.07996523
19189,0.010140094
26428,0.008294719
36693,0.96269417
15143,0.0037484842
25861,0.000490036
14747,0.0047039078
34685,0.005656206
17289,0.036719788
6870,0.08989817
10859,0.0017572781
31681,0.0018510469
29251,0.00022628372
28110,0.0009238269
11367,0.73623264
12138,0.0009949796
621,0.5914108
24228,0.46377724
39918,0.004291292
32935,0.00015137903
22854,0.02206368
25077,0.0013152099
19304,0.095775485
32902,0.98706496
31456,0.0002337758
15337,0.0009179421
14463,0.5610793
27722,0.0005157959
15726,0.00022127034
19722,0.00012417609
21069,0.32561463
4548,0.88774735
33395,0.91585517
12168,0.0019794889
28612,0.008576411
26594,0.010452506
15140,0.94213617
36822,0.00026640066
34451,0.00032359996
40745,0.053502418
40779,0.0021299152
509,0.003724758
36307,0.006383707
22909,0.0010770079
29674,0.002319208
14612,0.14519747
20198,0.95653945
7755,0.8873173
32340,0.033850376
25786,0.7599941
10665,0.97543544
5754,0.0001904876
6703,0.0064132796
37178,0.03743345
12301,0.0002534015
37342,0.05321809
24695,0.74672645
26944,0.0009574654
36285,0.011803527
2649,0.7628405
10882,0.030244697
27012,0.00025294817
39302,0.598381
26864,0.0010081813
14934,0.028487306
6072,0.9082301
20585,0.0008315745
28455,0.00039397142
13370,0.00030108934
40461,0.0054601086
19833,0.98207664
8879,0.0014002002
36217,0.00017887373
4672,0.03139297
6367,0.00042741973
8919,0.26515156
28651,0.02076328
38922,0.546903
20869,0.89963174
32532,0.87429595
25764,0.0002571746
20962,0.68835086
3141,0.0009903932
26176,0.19882767
11072,0.011774852
4506,0.87808037
18270,0.0012362683
33072,0.00030770083
2984,0.023628589
8363,0.33771178
748,0.6023712
5219,0.00038521583
39044,0.0009895539
377,0.8984974
22464,0.08490224
32531,0.81123435
15603,0.4515427
9856,0.7474251
11060,0.034264427
31565,0.009150921
13685,0.704376
35669,0.079287514
23162,0.032363128
12480,0.0018280745
32234,0.011873126
7745,0.29583916
29281,0.7096676
27748,0.24557945
13745,0.028246164
4280,0.07192531
22284,0.7104629
3510,0.0041406555
5199,0.0006560067
3074,0.06407628
11504,0.0042614206
7375,0.021137882
25303,0.055252206
25888,0.0008596579
16413,0.0007390882
33959,0.004640044
11849,0.1689121
4034,0.007302228
2240,0.06588429
23015,0.023101123
40878,0.0055542635
4047,0.0067372727
16951,0.91322935
41054,0.00079018594
26522,0.0006846837
36643,0.5542373
32129,0.00017954441
180,0.032490775
11165,0.0014116518
38506,0.07291086
1616,0.029370574
38094,0.01044655
3049,0.018769544
33424,0.10768281
11499,0.03154227
31983,7.0271155e-05
8721,9.599562e-05
4556,0.8494212
7193,0.01185612
20994,0.005484159
16487,0.0036169821
8824,0.8084259
39019,0.0019761438
29091,0.88246924
22894,0.3561395
17183,0.00015890054
19357,0.9332527
13167,0.00033781547
23536,0.013550219
30178,0.0018101723
30469,0.0005446881
25335,0.87240314
31765,0.87172645
27108,0.00012793619
23420,0.014315988
17723,0.00024024832
32192,0.00049159065
3418,0.00044340713
22664,0.012019972
29397,0.92931205
14499,0.00029186552
18189,0.00084442185
2043,0.3623772
30711,0.0005714309
33441,0.0024976553
1243,0.000116277486
37928,0.008336835
36690,0.13822
39841,0.74816346
39581,0.0066088685
32751,0.00020256935
24136,0.00051589054
13166,0.0030739782
37024,0.94069993
2858,0.00068935164
7133,0.0670084
35116,0.0043135267
30939,0.0032489223
25239,0.005303429
6892,0.21848938
20759,0.00027689003
22035,0.38101992
21660,0.0012550618
11578,0.32726097
26112,0.00014722063
6267,0.0075945263
1346,0.0003330485
1179,0.05974848
15718,0.36436602
9057,0.0006439292
11827,0.060557093
3102,0.9703386
13078,0.91221005
8383,0.001095546
5342,0.0348731
34458,0.00013897894
2277,0.00014159364
13614,0.3549993
5770,0.023176454
4850,0.56990695
25024,0.90364677
39497,0.0003300476
4639,0.00040361908
22983,0.0001319428
18218,0.0066673206
29146,0.39774233
38285,0.13400018
35838,0.00042925737
34413,0.00072606467
30417,0.00021046102
19682,0.75849044
23414,0.24259895
16394,0.09350141
30394,0.93590987
38036,0.0008805156
17353,0.0019415481
6529,0.0030723815
30942,0.00042169605
9035,0.9296719
29949,0.2755828
20937,0.59442014
38358,0.09862631
17406,0.0002998041
16540,0.002817784
9473,0.8127736
27683,0.26222488
501,0.05550119
9532,0.010086001
20797,0.89315957
29529,0.015684107
23692,0.0012344556
17235,6.372939e-05
3604,0.1504186
24023,0.02690047
2885,0.030922025
16432,0.005132326
40937,0.0068435636
31327,0.70364255
12144,0.00060665334
26527,0.0323684
2935,0.010376556
17722,0.9329146
10869,0.008083064
4095,0.0009680336
8960,0.0004155395
18906,0.0068759616
17680,0.000277685
4689,0.0007264612
40855,0.04937256
32045,0.501478
32339,0.4749548
316,0.00025919112
14001,0.00076407136
12843,0.6114358
21858,0.46594587
14840,0.9018534
40336,0.068229236
31469,0.97213686
12058,0.016324446
1332,0.013199274
14121,0.8775945
32361,0.00037655656
19204,0.00046220425
10365,7.359078e-05
278,0.00071328226
12216,0.00054522336
27300,0.008262395
2374,0.00011801662
16971,0.020110864
13082,0.8960921
31052,0.0009464104
21920,0.975068
17466,0.8287204
25696,0.012150925
40173,0.22770555
32120,0.020655569
5354,0.20853777
374,0.017776402
5857,0.028393123
2087,0.29922214
27390,0.00028051116
3104,0.0035788296
14324,0.0017712731
29761,0.077252805
7499,0.033006527
11259,0.0004704969
10803,0.051598534
1253,0.00073406275
17271,0.3482992
37966,0.004656683
23774,0.8276776
31281,0.16900954
36160,0.003673277
11222,0.5024659
21328,0.6764412
30627,0.107489526
4932,0.00023311695
2360,0.13746591
17518,0.0010792855
37359,0.000985027
29985,0.91037387
15800,0.026871642
9750,0.014403772
4291,0.62296027
22587,0.0020339524
30304,0.0019353661
27744,0.22763047
29093,0.004625802
12492,0.0006569448
28296,0.011004796
20094,5.7068286e-05
14337,0.0004421213
2323,0.0005263807
498,0.009397601
25859,0.8545957
37854,0.00066615007
11764,0.16128796
17644,0.009093773
25775,0.119318545
33899,0.020269822
26750,0.0011267446
23656,0.008125774
7544,0.014520457
13517,0.20139512
26152,0.0015901688
27297,0.0011437404
32349,0.007832594
18810,0.0008501634
396,0.00090907287
8842,0.00072052516
19831,0.97834516
10797,0.00020939577
9682,0.010777615
8111,0.00087924715
19372,0.9902891
8477,0.9124638
37712,0.0007600663
32256,0.004206624
25639,0.0014325728
22175,0.8770659
10277,0.0005922997
9786,0.06582917
28175,0.0006895705
9790,0.000641322
28871,0.0012364944
33826,0.60579336
10840,0.0012097406
30986,0.0009898391
14798,0.00032222018
13032,0.00033450493
10921,0.0009835487
6275,0.025819683
5223,0.041565288
26510,0.002541689
37273,0.00064873294
15188,0.9171779
35027,0.00022918811
30477,0.84269357
19334,0.0012250656
27866,0.028554097
25193,0.02283564
26195,0.0004910628
24275,0.6694175
30465,0.00018026831
17125,0.18926473
5198,0.32585418
11912,0.025938569
26261,0.019987002
5683,0.81351864
7112,0.72636914
40938,0.00087284396
32384,0.9453723
24640,0.0010484672
12119,0.0020804992
5011,0.00013496446
3227,9.295294e-05
8037,0.8935064
8975,0.9131364
16906,0.6778007
5503,0.7544768
21318,0.007147193
26782,0.0023899875
11933,0.013065127
33795,0.0014427471
4336,0.00062165054
16176,0.0001760572
475,0.25874215
25516,0.08578924
22817,6.467782e-05
35217,0.0014559556
32111,0.734674
23802,0.018514069
928,0.93563145
12759,0.22146358
7516,0.6955797
20636,0.8955967
22862,0.8684377
29563,0.6740997
12471,0.82883805
18873,0.51223385
30192,0.0009318082
19305,0.0009069036
25386,0.00046675908
14807,0.8118036
35343,0.07185475
29137,0.013316793
23801,0.007265556
22396,0.7341524
23179,0.00081172405
457,0.0013683959
4543,0.6698984
27371,0.0020291912
27911,0.00012344212
18597,0.0015718201
5121,0.00038431023
37177,0.16642444
1638,0.0004945999
25718,0.3224962
23844,0.00023561338
20386,0.26556516
20232,0.98758405
8410,0.0041832547
1219,0.96071535
3843,0.71216434
3705,0.26400167
3388,0.0005377964
6361,0.010845317
7732,0.82694393
26254,0.4801261
20885,0.08549355
9163,0.38518754
22697,0.063256614
27705,0.0001562144
17191,0.0230778
29834,0.6433466
36785,0.01138553
24117,0.33713916
14280,0.051903922
21080,0.0019770504
33600,0.9030066
9351,0.9286672
34423,0.92457503
2290,0.00018404359
22446,0.0031996444
8602,0.0020099862
6839,0.0072299293
39771,0.00023683411
3028,0.8813299
7974,0.0014928181
7402,0.00024304229
38511,5.2055617e-05
10153,0.00029123286
34718,0.32710558
8618,0.471563
4,0.007948124
35803,0.008443068
5865,0.006871424
19442,0.20132409
1668,0.9424933
28443,0.0006732948
6427,0.002042267
28857,0.97418255
19387,0.0010007094
20066,0.00034018798
22285,0.00014470181
35682,0.94517994
32134,0.21415101
27556,0.16885798
27097,0.0066180564
18851,0.012867181
5159,0.001236717
911,0.55701447
13070,0.009853061
22460,0.00035503053
37534,0.8958447
33603,0.1442557
9419,0.0005008636
14756,0.0044979188
20383,0.0010260937
30724,0.09905164
1000,9.4908835e-05
2505,0.005792352
33033,0.0050449427
33981,0.00039319627
10802,0.92566526
20285,0.98103607
772,0.0017972138
5195,0.0030798686
38562,0.019364681
31102,0.5952738
22628,0.027158866
20743,0.16134675
6394,0.18604068
28628,0.0011542916
33775,0.63230133
18513,0.0044671986
14403,0.20427734
34492,0.0002197138
22946,0.0028156221
277,0.08495528
32741,0.015869621
22317,0.0010134006
27134,0.13543938
40213,0.39269215
32135,0.0024196613
20521,0.0036595387
22062,0.001999415
2279,0.0047838395
1912,0.0010401257
37499,0.13561448
27929,0.006280399
38603,0.20241314
5751,0.013125372
24305,5.4849454e-05
22121,0.0005849417
20728,0.76675415
7336,0.00014003395
6193,0.80173254
19850,0.0011119636
20379,0.00077156525
27479,0.7805981
4056,0.00033088753
19872,0.94953614
18113,0.85667956
30491,0.06443064
29821,6.7568144e-05
7212,0.83459735
24516,0.0075033554
4285,0.9045044
1146,0.008489247
23498,0.00941963
21391,0.0007355378
21349,0.0131485285
5874,0.0070341877
20949,0.003499033
13326,0.1754114
36036,7.9415186e-05
36973,0.004642324
25347,0.00041002745
38262,0.0026180795
261,0.002618458
2145,0.00042070894
32550,0.052615553
30215,0.0010213037
35231,0.0021899347
7759,0.00047842448
8596,0.089592636
28183,0.00035728316
10221,0.00041794498
26571,0.030264312
40509,0.92592263
9392,0.00014433486
35528,0.00038836498
2507,0.004588651
28352,0.009538064
22146,0.00018977748
19805,0.00012706278
25391,0.95059013
12160,0.41174147
6340,0.008203103
16420,0.06455713
17822,0.9473453
34637,0.0025390235
18188,0.7985657
26257,0.06817195
11762,0.738334
1427,0.0012297303
38307,0.0012967767
9169,0.8398916
35856,0.3776154
36240,0.0012506662
7579,0.9047916
20835,0.00041624007
39105,6.179322e-05
2730,0.0002277302
18478,0.9559497
29010,0.0007897742
20986,0.2605025
21276,0.14138734
33504,0.05727345
35103,0.46493983
22188,0.010368069
6573,0.0012291225
33437,0.022938106
18973,0.8668156
2622,0.8888436
19898,0.00056967087
1801,0.00051478064
12955,0.9502716
7609,0.00093198934
7406,0.30324823
38744,0.0016400893
34491,0.014095869
5225,0.005535797
10888,0.891672
8420,0.0002811792
5030,8.500285e-05
1285,0.0005865445
20009,0.0028552618
3243,0.14552768
7294,0.005743321
6670,0.089792594
1901,0.7935762
35424,0.16281258
516,0.17057474
3108,6.26211e-05
1416,0.00064732175
15895,0.0019445107
36597,0.010372708
28004,8.228158e-05
985,0.96519345
15738,0.002098268
36457,0.0021714515
23125,0.0017561085
28530,0.93964535
8668,0.988008
24963,0.119127445
26873,0.03679902
40464,0.0008797298
566,0.025900818
18046,8.495383e-05
30656,0.021103086
16614,0.08781576
8510,0.008716105
9381,0.0007958926
19849,0.009296644
17792,0.023166703
28447,0.054383785
18488,0.010081046
29634,0.20670764
39293,0.8890486
21993,0.0081419265
38306,0.00011070425
4949,0.044228885
38096,0.850626
18336,0.7371039
13466,0.008190683
12900,0.00011328514
12611,0.0008326648
37222,0.046755426
12708,0.6696845
35308,0.6782707
36846,0.62944025
26041,0.88100696
11644,0.0017787513
25070,0.92573136
17372,0.0042478833
20240,0.86634177
2496,0.0006251259
36437,0.8415008
40198,0.0011550286
27838,0.016359186
14558,0.31836823
9731,0.00036505892
38894,0.0038233846
17284,0.019295914
21892,0.0009829173
10200,0.0047116964
36655,0.0004116473
30006,0.0038051393
25454,0.114272036
18735,0.16682881
6014,0.0040986617
7722,0.92754996
13991,0.06654959
6689,0.0017673412
19036,0.0007189356
1052,0.559592
16041,0.011257583
3056,0.04797546
3619,0.21175341
26610,0.65228313
6620,0.9840831
33772,0.91135836
27845,0.0009067432
11484,0.034290276
25260,0.0012036373
38117,0.26794305
29126,0.01343547
35485,0.0029224851
4998,0.9602785
1012,0.044425562
31303,0.54809475
9577,0.017124584
41025,0.4560242
10874,0.00067819696
31082,0.8004025
1109,0.0045113876
28199,0.90184534
5035,0.24753396
30997,0.0010618005
21374,0.0001285595
24268,0.896753
39482,0.031028826
20042,0.024076669
1107,0.44505602
33887,0.0016872204
1133,0.3783793
24163,0.30993
29827,0.003516262
23784,0.00016637794
34473,0.0060499846
41152,0.00037356833
28660,0.9812608
37724,0.0005073347
18955,0.0020010036
7094,0.1922182
15081,0.5446728
22801,0.0016064813
40104,0.024756296
26980,0.20258862
26067,0.0085944235
35453,0.0026048895
14475,0.4706206
35814,0.3822471
20205,0.91305035
29524,0.016185686
38566,0.84385574
37274,0.024165576
10393,0.0008020977
6246,0.0002574356
28418,0.001438375
26068,0.0037450753
16858,0.40792844
20525,0.14528298
32488,0.0006872988
9858,0.9344378
22214,0.4092807
19847,0.00017967953
31589,0.83682615
8188,0.5553822
2825,0.937225
33622,0.8725879
32319,0.42826262
21077,0.00055108545
1491,0.17499053
39716,0.3544633
26343,0.46915618
37875,0.92387706
33481,0.008717411
4729,0.013560574
25887,0.00454957
39094,0.8518494
30829,0.0016868149
7578,0.014891401
15871,0.97677875
15959,0.00059557846
26444,0.36682826
30203,0.0007394052
2856,0.00028813083
13236,0.5309612
26538,0.8643197
10388,0.6800332
18614,0.039163657
14658,0.0003618523
20571,0.103047386
843,0.00021382229
22642,0.013174243
6902,0.90059286
36239,0.64648056
16207,0.00383082
15731,0.70404
12971,0.0022807482
32461,0.71901655
479,0.010762792
34307,8.343826e-05
5676,0.00018953046
12063,0.19397849
7980,0.0010512148
266,0.981848
38497,0.0002879839
6319,0.9081202
1090,0.30938858
14384,0.017260894
11082,0.16226107
14428,0.000581554
1124,0.3867829
38679,0.00873556
26620,0.0034553602
3193,0.022444887
36112,0.002581238
34659,0.8552309
20613,0.00023024358
18370,0.0005044737
39425,0.9604164
16875,0.009295282
16221,0.0011993228
14592,0.66890264
15703,0.0020877258
9766,0.572329
1048,0.0002213427
40786,0.00041793642
8475,0.05472446
28726,0.030633869
26439,0.015212077
35694,0.55522734
2952,0.0154189905
28730,0.22806251
409,0.31801474
35977,0.009189772
26187,0.00041804122
35331,5.9910264e-05
31452,0.0037855096
39861,0.000116237905
26100,0.0011109002
29766,0.28543514
10480,0.13181254
26065,0.0007701937
5646,0.019858794
4508,0.94385165
30081,0.973853
842,0.20933166
37196,0.0009505624
14876,0.5835495
19594,0.07460371
32861,0.018587172
9767,0.9370986
14806,0.0012991256
16114,0.93577915
19809,0.0002442922
12623,0.052283816
37042,0.050926574
33188,0.0010886338
2150,0.0037026976
31913,0.0015636865
10520,0.00063085824
5426,0.8320678
2680,0.0016977441
7586,0.9429832
17863,0.00017269897
26080,0.00017462108
9694,0.6907389
7836,0.7195939
20197,0.00057582336
573,0.007934221
5662,0.00079004624
28058,0.0003030046
1465,0.002636022
884,0.9172651
32742,0.005699734
9003,9.9870784e-05
6046,0.012936586
3438,0.03570192
25571,0.004882449
10226,0.0041129305
3441,0.0055752574
1846,0.0029853159
2029,0.008360434
2851,8.857667e-05
7844,0.00012651691
33512,0.0032925396
2561,0.66448617
16372,0.00044762532
4419,0.0039545284
38943,0.8069608
18367,0.96584207
4504,0.0010617165
36813,0.0011514297
6802,0.636659
21901,0.06816795
12200,0.16352533
13757,0.00430125
37052,0.11561117
34535,6.18504e-05
29839,0.00023229668
21963,0.00015371651
27448,0.2719386
30181,0.014477247
35199,0.0009228003
31790,0.017889325
25980,0.45912868
12372,0.024562735
10347,0.00069041445
31762,9.581217e-05
19196,0.0065785716
20155,0.9604496
30474,0.93519586
19080,0.0029705283
27865,0.31134033
37341,0.009012695
31620,0.27355066
33378,0.018468998
27182,0.83704275
35136,0.0028411285
8013,0.047405142
11028,0.9093444
40740,0.9027991
9194,0.020112336
39175,0.00024679318
19774,0.7303302
6049,0.032163057
12214,0.00039228273
25779,0.023134712
108,0.01798771
33061,0.3400383
39025,0.48742163
28266,0.74574643
28752,0.18229583
26305,0.0070917527
18505,0.9857729
10527,0.010862569
14981,0.016803356
32164,0.0008087238
34238,0.0012041103
23266,0.46363625
1108,0.00053212227
13611,0.00013150218
14454,0.9816543
34153,0.84516376
31729,0.06529637
20377,0.02374719
25437,0.0006607531
16872,0.00093260536
32181,0.0011970345
9000,0.001371014
24626,0.7967671
23374,7.1029695e-05
18769,0.0004963209
31515,0.08025627
40759,0.00081001595
17736,0.0076363645
36808,0.22197488
17432,0.008375893
30999,0.35721323
28774,0.25919068
33357,0.0011435716
33333,0.03543345
24971,0.0010357699
890,0.0005868535
6036,0.027905067
25615,0.20766726
441,0.010940325
27698,0.8369051
19303,0.0008118582
10644,0.0062198094
29986,0.02038213
15356,0.035632994
31807,0.0022057309
32719,6.0039918e-05
491,0.0035039664
6809,0.09429651
17474,0.000802269
38430,0.0006832051
28449,0.0018783102
609,0.9146587
1968,0.09582441
38105,0.884039
23311,0.0014218085
28698,0.0038390136
22930,0.000759802
25224,0.17100546
38353,0.10377086
34140,0.6032464
17631,0.92854136
3142,0.026216209
22406,0.00021468377
1339,0.002771274
21089,0.8155061
20876,0.08756021
9398,0.9027225
34242,0.0074677514
25583,0.011078281
8920,0.07410071
20148,0.88858014
1441,0.8721739
17520,0.004690674
10243,0.00012048581
22381,0.09658063
35783,0.015799066
32871,0.03071317
30716,0.0023560321
3935,0.17681351
4974,0.0014397372
30030,0.0059037823
25353,0.88542366
18911,0.00096913084
10410,0.003511223
13748,0.8354573
3035,0.35882378
8647,0.06424342
5286,0.0022521815
38149,0.0008756921
26047,0.0049123443
1131,0.78468776
40361,0.006011628
8729,0.741231
24093,0.00222587
6808,0.02953091
29639,0.009935664
7298,0.00335962
6921,0.5144257
17608,0.0041997107
14921,0.10508179
2863,0.0021712636
33177,0.029987663
18282,0.00024477177
16337,0.64954895
26597,0.00043129423
25404,0.0047345622
17340,0.7835137
8388,0.00021953267
14914,0.9187784
2232,0.000101582365
32326,0.00011118158
12628,0.6430701
32431,0.012984013
15526,0.0021025324
26948,0.021770613
6165,0.0005391036
21921,0.00029306673
10843,0.00030812618
3219,0.42724597
4859,0.00011120692
25631,0.15991649
27204,0.00018131503
30479,0.0023883928
39385,0.90643674
37591,0.00020491955
17799,0.02707836
37523,0.030798933
30343,0.000674383
36092,0.98620206
31641,0.0016594706
36531,0.78670204
5504,0.030941587
6933,0.008425015
26004,0.00035347094
31738,0.0010211217
20616,0.016037077
5653,0.9064627
4738,0.8949068
14654,0.96284014
31360,0.84568334
19224,0.019812444
11466,0.018186176
28359,0.0004945884
39548,0.0032679667
22953,0.009107743
24401,0.00076631695
10063,0.0020427618
268,0.00071745657
33839,0.0057122624
16900,0.94201124
16323,0.0074706892
4387,0.8423105
37082,0.01002256
40297,0.9153243
36295,0.0027552815
1553,0.00049984705
24928,0.00010283259
32493,0.14000924
13226,0.0007683336
38651,0.07203245
12733,0.0058297208
35807,0.025788417
1423,0.0028829006
52,0.008579668
35099,0.000553426
274,0.00093463575
26357,0.0050629973
37705,0.12354646
13993,0.00399148
23103,0.1199704
10276,0.00037349394
21010,0.0014260161
34714,0.0036410587
10598,0.075728685
28925,0.021478321
38959,0.011560106
14190,0.44210666
35071,0.36734465
17984,0.003933524
36580,0.9744933
22667,0.0021188357
24631,0.67126703
18002,0.24214803
3840,0.012174688
27999,0.00089476816
27093,0.91987514
30726,0.5498529
19253,5.3904416e-05
14611,0.0028700433
31631,0.08179215
18159,0.005916684
30473,0.00013036914
29585,0.28235486
23597,0.021818291
16305,0.0035525495
16050,0.0073551578
14156,0.18339388
22112,0.90223265
14750,0.9572632
3077,0.009112298
24164,0.29441434
11895,0.011795526
13125,0.50298125
18305,0.90215707
20118,0.41743746
11024,0.002117763
13192,0.94253093
4178,0.8296817
15578,0.006508295
10901,0.0029329555
24803,0.012311184
28973,0.8458775
9248,0.36055353
30012,0.0079954
10171,0.7395632
24318,0.031253792
17828,0.007216494
2532,0.00941279
24568,0.7055897
4530,0.46760994
19261,0.019087492
34061,0.9879628
24923,0.0029641546
21547,0.0065993993
1396,0.021478387
27237,0.006035802
21882,0.00022590863
23,0.0003177453
34355,0.003473185
24403,0.7969759
23058,0.0010076953
8339,0.00081217196
940,0.6937297
9905,0.73316574
5640,0.6435055
31595,0.6359476
23160,0.5263254
8723,0.008229736
34873,0.0006782027
34999,0.00058418256
14125,0.0016592906
1788,0.69999504
24420,0.006106811
34189,0.81701607
8022,0.00028790976
20450,0.006843097
25925,0.52471006
1512,0.025866248
6648,0.005179467
8969,0.049401663
35555,0.0011282483
5152,0.0009979155
34037,0.9380564
33651,0.61019224
31964,0.003532687
27639,0.00025513628
5563,0.023102524
11368,0.5103508
6757,0.00021541576
21501,0.9904873
9929,0.46635628
2306,0.022292275
6350,0.00022122708
13997,0.94928175
29456,0.80642956
308,0.0013424916
10137,0.6311627
34626,0.9261102
12945,0.00026411065
28965,0.83457124
13922,0.7942644
35325,0.9152806
15653,0.30130553
12376,0.0122448215
28800,0.22163413
38973,0.00029049994
2138,0.03188387
5841,0.0012426707
39875,0.7382415
34102,0.03084889
15180,0.0002539907
7525,8.546957e-05
32250,0.024398306
10986,0.0022824372
8537,0.00031361586
26521,0.000720265
41137,0.00042738856
9932,0.0028823197
40535,0.0005755822
6699,0.02646769
3922,0.0010886815
8341,0.029881645
21362,0.93309844
17176,0.8474956
34559,0.044446647
35928,0.2831077
39083,0.06937561
10849,0.00088408426
2273,0.3007928
37488,0.012886929
17315,0.0031929412
34203,0.0016914955
18326,0.009847378
27312,0.00026087376
37339,0.9252907
1704,0.04237
9291,0.004054875
9836,0.87075156
2527,0.29669857
20794,0.00019528961
39112,0.0003326766
31671,0.00018527255
7301,0.00089904154
24979,0.8779055
37310,0.7772118
36906,0.016692841
14740,0.03254799
32558,0.0041387943
36775,0.00022709684
7969,0.0012064317
16429,0.0022082154
13792,0.0031131255
36215,0.00019501033
29442,0.00060500915
7780,0.0010100222
1113,0.30889234
32187,4.2824304e-05
21308,0.7464982
13431,0.7643032
26927,0.00081606867
28123,0.7644891
40961,0.0023616517
35334,0.010165171
8374,0.85880464
1576,0.9794319
5373,0.00027697187
17775,0.023517312
4815,0.00036962397
20560,0.41419068
20443,0.5936149
38482,0.0022102904
9192,0.00012996241
8326,0.19742952
14090,0.72778916
15258,0.5714859
13061,0.841983
10279,0.2043515
30735,0.01418479
10630,0.00018742302
17419,0.07697957
7555,0.21899556
31175,0.2341763
27767,0.00041012734
9997,0.4397184
15826,7.753345e-05
38013,0.00021188657
21855,0.026861789
10138,0.00018252996
39441,0.0260332
12148,0.72182083
25513,0.07930046
6404,0.00045785203
15912,0.62932575
28459,0.0019862547
36200,0.007026525
35623,0.0031908536
30757,0.045037933
39318,0.0018709031
2760,0.0053687273
34045,6.924976e-05
32147,0.003035107
23417,0.015471853
16765,0.026811497
32839,0.15521696
523,0.00018389027
27495,0.0004329991
17977,0.00084122195
1165,0.009143756
22769,0.0006221001
32838,0.002519318
28169,0.018543623
36537,0.0009369521
5042,0.36803344
30300,0.391089
22125,0.0004347571
13208,0.00013244954
38530,0.00036521693
35314,0.00014597944
1819,0.8931807
22390,0.0006002955
9207,0.58539015
35241,0.0147048365
14564,0.0019112162
7142,0.0068932143
13144,0.8742943
28450,0.80476254
16620,0.0031391513
11858,7.67916e-05
19587,0.00018616061
25282,0.071887426
12362,0.0014123834
40039,0.0011661218
12711,0.23261364
15113,0.00017016307
9562,0.0006818908
16200,0.0006319736
35841,0.7229802
342,0.010255526
37670,0.021363668
18887,0.0041539
40746,0.007274235
7615,0.89242303
39561,0.000881688
26185,0.057743702
19993,0.14289792
8492,0.00046512284
5667,0.00027665388
39091,0.5068884
13089,0.00047732508
21250,0.00021985461
30792,0.009285407
10075,0.60584515
23865,0.5250159
1590,0.006655176
22078,0.91785425
31062,0.5790473
3085,0.0039655496
37805,0.0024517658
8739,0.13178141
18192,0.002108603
27381,0.72270006
8321,0.0017407517
28452,0.67081565
25096,0.89284307
40962,0.057126004
22747,0.9038438
17656,0.0011785721
26330,0.0021502667
6753,0.3622819
7625,0.015530693
5501,0.0005553375
19785,0.00087953836
38424,0.0031664409
38267,0.031545177
9640,0.0012822828
3106,0.0017470197
28528,0.03628965
17894,0.00088406453
9287,0.0106545165
34778,0.028975053
18234,0.0009036926
35416,0.0003672552
23636,0.00017246381
2237,0.00069258426
4563,0.06289743
20772,0.8678812
13927,0.67141783
37514,0.002438008
17782,0.00012359217
33962,0.00090251805
38507,0.13067597
2286,0.26450813
40995,0.0003862418
32612,0.009971135
40856,0.12831372
14208,0.00081209344
9021,0.0005147831
26001,0.0011344138
41041,0.43164048
39570,0.8700667
28422,0.0023274545
32213,0.0005037937
5216,0.004427876
12892,0.004006052
22176,0.035527352
19326,0.00030748264
34838,0.005426882
23030,0.000764923
27296,0.009223172
35561,0.012207454
38670,0.032756507
23605,0.36047345
15785,0.9014159
37140,0.23679167
13617,0.012801524
31830,0.0011073379
32545,0.0005168018
38496,0.0008548765
24585,0.016024027
23775,0.0004528655
19661,0.03375438
11815,0.0027136302
6326,0.0035918257
19841,0.9498788
40591,0.9242103
15298,0.0030082304
37607,8.075659e-05
19794,0.8315042
14723,0.665938
21433,6.2622596e-05
4202,0.023587128
25841,0.00015069582
14348,8.301358e-05
9842,0.0013431995
1412,0.004238231
24711,0.8789729
38254,0.08699233
10499,0.0183142
2185,0.24348038
14652,0.0067276875
32322,0.0009890816
21480,0.0389643
14644,0.00064605736
38442,0.003324328
29185,0.8678815
1876,0.0008509089
33817,0.012134548
16109,0.00631757
34573,0.0020828191
14894,0.9656771
2891,0.0035808077
37187,0.0040125754
36827,0.0027039626
24184,0.0055975583
33952,0.041940343
3635,0.00014917039
22095,0.08512572
4157,0.023906497
22290,0.0013408847
23788,0.94742703
20261,0.9440908
21629,0.00013122598
26054,0.86082304
35983,0.71035266
9040,0.15375243
14710,0.00050070893
30241,0.0010166314
32208,0.0002890319
28007,0.017845144
32274,0.5746568
28170,0.0035425995
3737,8.2306375e-05
39286,0.664807
21481,0.000754653
18094,0.0002074544
26858,0.9732377
33511,0.61707795
8122,0.0005070828
39199,0.8827941
3113,0.091666855
22034,0.29266077
25769,0.82336634
19376,0.47648528
25352,0.00034747797
564,0.00063587783
5343,0.032971844
9129,0.9528268
17281,7.887142e-05
34597,0.9217264
27861,0.81946415
39637,0.008127906
8966,0.002507342
5395,0.00094867236
30904,0.0016474796
39053,0.00026656376
13983,0.008763521
25656,0.003961117
2525,0.0030934233
20554,0.0036395176
13962,0.0004113484
39634,0.00046588693
19851,0.6159354
17989,0.0018222227
14555,7.7527315e-05
22753,0.00021056237
12830,0.7736198
34985,0.96357155
26075,0.0006547627
35413,0.9577758
32941,0.7836143
39569,0.014735889
25528,0.0049577546
32280,0.0027194032
36335,0.0017868647
33475,0.8111844
23399,0.01943803
17834,0.0008134949
22749,0.0024601044
34860,0.0050101015
39556,0.00010147035
12107,0.00030753572
27318,0.88373303
37679,0.0003668885
16930,0.119859464
8274,0.13706107
251,0.0021593228
37839,0.026714262
11626,0.000550867
11426,0.0011749694
25972,0.015443059
11872,0.00020233596
39762,0.00019396037
25243,0.003099672
6146,0.0007241519
681,0.00030283883
9073,0.11402327
26852,0.79987264
22098,0.000110780486
3852,0.56830645
8952,0.0010253481
16188,0.8358879
18739,0.0073025185
8790,0.55125195
35833,0.042151783
28792,0.0076558082
9006,0.086630695
3835,0.00887951
35915,0.000845595
14131,0.96273893
15676,0.011776916
7409,0.0048423046
28023,0.009316402
10054,0.0114807775
32331,0.0038002045
34789,0.00093921914
10873,0.00011232179
34403,0.0029697178
17511,0.0001661704
32465,0.45444345
2229,0.08345235
34771,7.1689494e-05
11077,0.29164025
28996,0.0009488098
28591,9.342819e-05
19783,0.046251383
8322,0.03298668
8480,0.0127624255
33682,0.04836005
8474,0.0018484532
22251,0.8895685
33268,0.974479
29220,0.5957753
32522,0.9054858
24572,0.029108986
20680,0.0011439436
21790,0.0007680291
24493,0.9577216
9845,0.02417922
23522,0.8550511
37154,0.084274665
36638,0.0005701716
313,0.9594471
37696,0.0021814362
14875,0.00030259264
22216,0.53159165
34023,0.12719102
24002,0.003126373
16112,0.001755159
4194,0.8612718
25668,0.007300424
15035,0.055967752
19166,0.028921243
22377,0.98037994
6365,0.16390342
38529,0.08006168
15400,0.030002799
29784,0.001790414
4400,0.0035745949
3875,0.42715907
21853,0.0021259543
25393,0.0005304178
13308,0.028082643
38611,0.00072784926
6215,0.035896733
20368,0.19132593
3063,0.0041114814
2115,0.011527612
18773,0.005661253
24148,0.055053007
5471,0.039301075
18749,0.0001633804
9801,0.8550713
248,0.95286584
12407,0.02544543
40366,0.8584054
36565,0.9131442
31381,0.11037458
25236,0.9123005
21738,0.973332
39886,0.004173991
29170,0.95153415
32302,0.48362884
27917,0.0069799093
16155,0.82959306
9061,0.004807466
31577,0.20034726
31202,0.3587425
19289,0.0057251253
30704,0.007273457
36293,0.0008179765
16808,0.0018319286
4550,0.00047427887
593,0.00031235398
16922,0.43010876
15541,0.93900764
16100,0.0008414797
20941,0.0329609
9681,0.001046025
6793,0.0024169155
4726,0.0004825663
3946,0.5647282
29316,0.009298717
25486,0.0011194642
28284,0.7427314
25943,0.005302184
6756,0.0045500947
35859,0.00077538664
14217,0.0021054116
27800,0.00014195418
7950,0.0001187985
12263,0.30113512
36763,0.58825827
34962,0.0017449063
25493,0.041438214
20430,0.5807121
38528,0.14985864
19057,0.00089928106
30964,0.0002574847
30236,0.80331075
15922,0.00044399904
7672,0.00068392296
83,0.0050961133
979,0.0003267079
15851,0.00073724904
23910,0.46814772
5115,0.0005528326
33042,0.94111186
19235,0.8692321
15505,0.0935243
2295,0.87241083
11081,0.010046737
4640,0.0004356374
25166,0.014931382
13637,0.89971423
32281,0.84568346
12967,0.67083234
9303,0.123263635
13205,0.86643887
5523,0.69729793
27963,0.00057721825
27269,0.8373788
5201,0.0003655088
15341,0.01607043
25286,0.0019044743
37225,0.80930907
12795,0.00025985375
38979,0.0022495717
25600,0.292852
29785,0.50983435
26978,0.5811463
7049,0.00059538946
16095,0.15905008
8901,0.00020380439
7503,0.011675554
23484,0.0007000236
7416,0.8703351
7090,0.016016247
3003,0.00070530776
5128,0.34298056
34627,0.022506267
33647,0.12259743
18173,0.0030723554
39884,0.53383356
3940,0.013704371
12421,0.037007816
20295,0.0037579942
4775,0.0006688626
4962,0.00019422724
28008,0.002853994
27205,0.0070829685
5610,0.000328882
9044,0.90725476
16584,0.00019033092
15071,0.02919618
1684,0.90916634
19902,0.46481034
13464,0.0021952018
16228,0.9322453
38389,0.9295259
330,0.6321043
6132,0.0003284167
25597,0.7440569
19655,0.0012435255
13451,0.00026805876
19489,0.0002072316
7070,0.0005658309
21289,8.126785e-05
2692,0.87652963
33168,0.008252879
12208,0.81109047
27814,0.12910938
12212,0.0016662396
4903,0.019303441
11823,0.038787052
33305,0.0016553993
35645,0.00021366068
7908,0.01911627
1800,0.00041031782
9378,0.000862512
23186,0.031139245
10007,0.43582428
10448,0.7615532
29479,0.71040136
39058,0.00045908746
15454,0.0004210277
7638,0.005431166
39434,7.497774e-05
40311,0.9638585
36154,0.00021932114
36682,0.049129933
10752,0.0013500905
33841,0.0003722214
738,0.027124941
709,0.06073822
39866,0.67959535
20675,0.6354757
13168,0.0012283952
17020,0.00021894777
341,0.8533207
40350,0.0013693274
26936,0.004093554
25733,0.0025635492
28053,0.034572218
37039,0.7782199
1594,0.0058490927
38676,0.75793886
15112,0.12525648
14680,9.1920934e-05
22468,0.0018517342
12804,0.069619365
10284,0.00034671705
37958,0.08868493
4351,0.22872594
29360,0.97112703
7449,0.0005467166
9523,0.9312885
17484,0.5882384
31970,0.70478445
21610,0.0523632
25670,0.07447056
40436,0.13006102
36784,0.6684825
13620,0.1490874
17102,0.013095604
29178,0.013753157
27638,0.27674493
36128,0.010394419
24357,0.0032677725
14874,0.02408998
7030,0.20108879
35556,0.033574086
24958,0.0003212371
39549,0.002084462
12788,0.113665886
21418,0.0019498179
6016,0.0011388302
9880,0.0454297
3507,0.00026467253
1549,0.0006153071
5638,0.0001446323
6874,0.84294385
37537,0.055649694
17287,0.00012796791
1703,0.84071136
4068,0.0058494643
2245,0.034466814
25890,0.27468887
35432,0.6236972
35108,9.703608e-05
23830,0.0008602643
20048,0.12485728
35676,0.020547496
23256,0.8162945
7616,0.9382398
18486,0.0695032
37950,0.0011457643
3566,0.0020443364
37763,0.34392202
12101,0.02111291
41023,0.0003488809
29255,0.13120236
10798,0.00018269746
6514,0.8236576
3697,0.89483505
32029,0.04735136
36515,0.09684204
25379,0.012220853
22532,0.002237492
29556,0.0003323282
2189,0.93998903
28289,0.0016452316
19170,0.23160467
13353,0.008620824
29654,0.02223589
27244,0.80090433
21160,0.8151591
38230,0.00080758904
18716,0.00987661
2916,0.07597232
29421,0.8709758
1888,0.6347917
23272,0.0047599096
11247,0.87885016
10436,0.0023284724
29102,0.00053465617
25126,0.0020985673
29537,0.0004909018
648,0.638876
19638,0.0006727794
6491,0.00045662097
17498,0.47957143
19943,0.27503052
19223,0.0029200907
10012,0.009681168
31716,0.005285276
27517,0.012237413
13040,0.006635189
7981,0.009603994
22413,0.01955259
2207,0.00033426136
31053,0.0018020124
19482,0.00021983618
11198,0.93949383
19412,0.008419675
34928,0.004788502
39738,0.67145205
9568,0.033548187
26668,0.0046904786
36776,0.0001664749
38468,0.021549812
239,0.00013663017
22088,0.0004688764
5233,0.0005079277
32976,0.6961236
15988,0.0022505063
2342,0.077625304
25893,0.0003613998
14117,0.57560843
37547,0.0049164207
31114,0.0109827155
2294,0.008673177
29708,0.002376408
40967,0.91272885
2949,0.0047652186
40618,0.5654819
35395,0.0057348995
3693,0.0007579312
31386,0.0010201848
43,0.0002611094
38374,0.24192232
21783,0.17639506
2672,0.11974529
36380,0.5306285
17980,0.00041627718
26729,0.06938066
40775,0.000687378
26937,0.011036775
6813,0.00035027458
312,0.04919708
22877,0.07854559
26447,0.08258559
18879,0.00033669767
11242,0.97203845
33616,0.00037830253
31579,4.443318e-05
23838,0.0013790092
8450,0.27948272
16233,0.0010775267
10353,0.42557994
38806,0.00043684442
31828,0.0012928692
28680,0.52548677
16332,0.0005650058
40241,0.8913823
2571,0.00059129595
9391,0.08604856
26360,0.0010739757
15311,0.005608318
19580,0.85365576
21024,0.00076245226
39732,0.00022905046
831,0.013126601
1850,0.03354641
5174,0.0005978215
10612,0.007893482
116,0.11827563
26882,0.66624415
14054,0.27391455
30596,0.028466962
399,0.00050264545
21715,0.0020484282
13608,0.8325171
32394,0.4078914
37195,0.05020686
27461,0.5963242
40255,0.061531674
13101,0.87177414
17339,0.60278726
17607,0.0004847682
5045,0.00732936
15992,0.034892865
28818,0.00037952603
20168,0.0014130701
21763,0.0753227
14836,0.65153074
20809,0.049444046
26248,0.0022072827
5172,0.0045876885
23033,0.8314639
3988,0.27093783
36760,0.081488274
2828,0.00017285976
18576,0.000811806
21165,0.0007579608
41143,0.0001489481
38150,0.00084031106
21965,0.000441695
2725,0.58583176
32248,0.0008717431
10838,0.0007710937
12783,0.0005251432
34831,0.025573555
39135,0.532877
39406,0.0011219665
13506,0.0009041913
10229,0.034819845
39321,0.014071239
22776,0.3503644
30397,0.12486728
24082,0.00057145726
22055,0.00096804794
9793,0.000588233
15433,0.005442764
3530,0.0071497117
10854,0.00034013414
18335,0.0010882688
37266,0.6869153
6224,0.00021075219
37387,0.0013239023
5040,0.004966421
23113,0.21629074
10917,0.6983585
27485,0.0014463327
2448,0.00057797466
40646,7.431404e-05
34280,0.0042259675
22367,0.008049962
36588,0.0040373798
13664,0.0051224674
15888,0.34322128
7122,0.005317146
35460,0.00092686113
38789,0.9100196
21257,0.009788936
19302,0.4343762
23617,0.9556066
2740,0.0046174135
32308,0.6412186
3378,0.011455921
15711,0.042805497
27655,0.00087856426
31702,0.06583829
15101,0.07020116
27256,0.0004123704
35551,0.040979765
24315,0.018659135
20129,0.6098722
9693,0.0010630494
35252,0.0010729255
14803,0.8530037
9687,0.6720078
25319,0.010081251
14173,0.0013607965
29297,0.94355065
26006,0.0015458622
8147,0.000118163116
15978,0.00017097643
26311,0.00040694635
36303,0.00019089688
17588,0.026057199
35070,0.0007376855
5908,0.9780306
37064,0.0046222946
3245,0.8889178
35093,0.008514692
15368,0.026141811
35647,0.00047866948
11532,0.07580901
5535,0.0017564804
2213,0.00031511378
40598,0.0027758663
37333,0.0015948436
959,0.823197
618,0.75743514
22916,0.008376579
4308,0.014241003
39920,0.000108615975
31284,0.07391022
10591,0.008791188
36979,0.014244826
27903,0.012449419
35653,0.011296225
14356,0.82004553
18927,0.0006338363
7306,0.002543463
33711,0.0002614108
15289,0.080938324
32601,0.0018499399
9237,0.00042125452
34093,0.87653935
3337,0.014538441
2965,0.7529232
15742,0.024560729
4771,0.018003708
11131,0.17123865
33346,0.037756164
30729,0.79548854
10013,0.0020474868
33442,0.00062419835
27565,0.9400905
30234,0.0005049885
41085,0.0001547073
16634,0.0028154922
40621,0.05685981
18674,0.3992148
40066,7.2755545e-05
28611,0.7260527
37695,0.0013847675
4519,0.3261705
37929,0.12032983
34310,0.00059844746
8178,0.0013121326
14421,0.00089951075
8707,0.0008704594
28346,0.06353569
14788,0.973321
25072,0.0037790092
10026,0.0005640494
19635,0.7816951
29155,0.014200835
18592,0.0037589064
6631,0.00011805927
10539,0.78877115
39523,0.09871331
20894,0.004575458
22777,0.9028195
31877,0.25715303
20635,0.00018977874
39741,0.00020902754
28563,0.0042245127
30495,0.006395204
13649,0.4710236
31014,0.0017063225
36078,0.031024732
12649,0.006498877
31911,0.017885186
40186,0.9893595
11070,0.0063889176
28553,0.0013099012
32244,0.0003138321
30769,0.029416656
33588,0.003062562
36493,0.00021158092
29132,0.0009128868
16836,0.01087829
36043,0.0013567894
39309,0.008264811
9647,0.0026016939
25205,0.66537035
34052,5.08469e-05
31840,0.64165443
17051,0.010929444
32875,0.0004835791
34389,0.03398272
3288,0.6061576
26712,0.0008441013
20847,0.0040070303
28079,0.00017566969
11854,0.018301958
5936,0.093527384
15209,0.03178125
15612,0.006169343
21340,0.0004355166
8829,0.042491164
22832,0.0011769078
16341,0.82666
8206,0.5163914
30384,0.00016285485
29913,0.0001495649
793,0.00021774611
40115,0.00026747645
38966,0.89707565
28582,0.00076690974
40112,0.00037869206
22533,0.0019993428
27660,0.7708554
702,0.7214409
36794,0.004578102
24595,0.31430444
32527,0.0042384746
991,0.005043229
30864,0.014653461
12503,0.4606584
21622,0.040579047
7705,0.00068790757
12469,0.00044903712
33786,0.009607342
37988,0.5679644
9358,0.9262995
41159,0.003943121
1889,0.054452408
39076,0.008043013
6832,0.8928036
15747,0.69266987
32116,0.021195488
13883,0.00030653868
5018,0.003238802
30658,0.008445643
5325,0.00091827847
40310,8.120053e-05
23354,0.63753086
35828,0.8915763
15219,0.03592783
16430,0.0008254459
17931,0.00011929219
2442,0.00016997465
2974,0.0060899984
22645,0.00017706478
29390,0.00013278048
1337,0.00038950174
36975,0.0006481817
10968,0.9182209
21239,0.0006318276
24688,0.0071357316
14339,0.27007875
31496,0.00088086893
25565,0.010406644
33680,0.76952815
4810,0.59794813
18291,0.028684989
21690,0.9833198
5525,0.46249914
30122,0.048751727
4021,0.004257661
34252,0.784694
33249,0.97192264
32763,0.09083897
38485,9.4372765e-05
1397,0.9335848
33661,0.004465399
10444,0.06973826
26302,0.040191635
16680,0.094928496
32168,0.8884737
5923,0.9127612
31487,0.0037097493
39591,0.0007593941
29572,0.9526904
4955,0.008430777
7217,0.00013879723
22379,0.001984028
1826,0.0023894953
36407,0.041023977
18829,0.81614375
27774,0.015210269
20507,0.055142343
779,0.8124698
10339,0.9115085
3704,0.04742052
22194,0.95689243
38938,0.00053966243
19699,0.48050785
36718,0.046323426
35981,0.10488656
29815,0.00033843052
34661,0.0012213617
283,0.0024456333
38881,0.00038553035
39109,0.83744854
26328,0.0006785079
20578,0.0014614834
29987,0.0002882432
10311,0.0004512558
40086,0.22713129
39865,0.93732744
14782,0.0009629678
9288,0.012453805
5010,0.0011485033
5598,0.0010048164
14649,0.01671804
40622,0.0006178731
11660,0.5083537
23014,0.001398828
23890,0.00035453384
32368,0.00020923991
18184,0.0010373589
38176,0.0081868805
30956,0.25004214
32259,0.0018546229
15699,0.4051239
10214,0.37294704
21789,0.14356753
20715,9.124742e-05
28192,0.60889363
9761,0.009208848
35239,0.00014115618
15771,0.09280059
33399,0.0025030905
23968,0.032419022
32202,0.0034165955
37442,0.6783231
28198,0.0404938
34545,0.0068992004
11126,0.64108455
14943,0.016351867
7565,0.006647395
9022,0.0018687557
35999,0.00020034597
29626,0.00018396534
3761,0.0006690456
37217,0.021039827
9918,0.0014668718
22196,0.7114851
2363,0.5070048
20821,0.00072650204
18200,0.0011959369
38182,0.00056617754
10115,0.93846285
41128,0.006285642
20286,0.0018764328
21645,0.00043339096
1348,0.00041990698
32632,0.015137252
12581,0.47515085
21084,0.1644406
18127,0.031373944
40996,0.008376927
21929,0.044002138
39366,0.0035955976
16278,0.15863208
29476,0.15796188
20194,0.004872127
14169,0.00072609854
12000,0.0005789801
19931,0.023720123
9433,0.00060130557
39457,0.78042614
13377,0.0034178898
13013,0.00021364827
21968,0.87741864
4040,0.11128063
538,0.05729315
11029,0.003772038
7646,0.63723725
35521,0.0245806
22342,5.9696064e-05
977,0.00040538516
23896,0.7679966
22479,0.0015257435
21051,0.13098904
36960,0.00012233046
4346,0.94244546
20476,0.0011341171
18598,0.084933236
10263,0.051240556
36199,0.0008889752
37160,0.0059501017
33454,0.02022063
27992,0.00019841413
29848,0.6332293
20552,0.89100885
31410,0.036001794
33207,0.00019488597
25390,0.00066609576
26146,0.8665695
25942,0.82707524
33041,0.00064545975
33048,0.0016059224
13363,0.0011570619
34494,0.0015561582
7870,0.66190004
5377,0.9213513
26445,0.0036897368
15805,0.8774679
5775,0.14038624
6206,0.017710797
37984,0.0041571637
8871,0.00075156195
29458,0.23948489
8615,0.0001629513
32767,0.26373574
38736,0.11951932
18345,0.00051903864
6888,0.00019471397
927,0.0012184156
40742,0.89632225
15557,0.0007181865
11048,0.0006090489
22408,0.0016283372
6890,0.00032659952
37855,0.04408575
35609,0.85294914
34421,0.0076863165
9591,0.0003573227
37349,0.0022261052
14360,0.01926174
31446,0.08037118
40051,0.88818884
35619,0.967512
10941,0.0014227018
33705,0.20279193
35957,0.0052809254
39670,0.026814686
7462,0.044953696
8499,0.005004421
7680,0.48436317
18267,0.8903546
31319,0.9678542
15469,0.0007771631
38823,0.05796778
19027,0.012733967
1710,0.00084838783
25953,0.0037968464
19247,0.012293321
27380,0.0011641685
5215,0.008448646
28338,0.7572888
28168,0.0007603872
34232,0.9302577
10876,6.057384e-05
33135,0.8769178
23568,0.89884996
18455,0.09910579
16828,0.00041346464
25424,0.00040555894
10036,0.00041866853
3834,0.002651971
19301,0.053014215
4528,0.003242804
34818,0.97546357
9778,0.19009337
16084,0.007660646
39513,0.14750771
31344,0.00030385947
21948,0.00039665026
16294,0.03270807
28015,0.90728194
21830,0.019275766
35437,0.24960354
11195,0.012865716
7581,0.12997234
26082,0.00069591915
14353,0.0028991702
16871,0.08142685
317,0.01380014
2255,0.3638045
27085,0.45577994
7905,0.00272152
11980,0.2574161
33094,0.00044814768
33131,0.06484188
24728,0.001403056
19697,0.00016238765
19274,0.88668805
37910,0.000745659
29996,0.0013537232
13511,0.016713995
31584,0.47152168
4943,0.9528728
11032,0.58659565
11852,0.7802875
24617,0.08174611
20657,0.00040762886
2867,0.008219051
23986,0.55430967
4416,9.727584e-05
26680,0.05048351
4193,0.9292227
37542,0.00019875079
26667,0.7533512
25028,0.89060307
30228,0.4091101
5847,0.018282289
9920,0.00046267943
13538,0.000116829404
1696,6.4228705e-05
24221,0.003851937
20026,0.4097049
6592,0.03439576
31602,0.002476749
9618,0.006984402
39066,0.00054744846
23974,0.00020233249
30411,0.6064626
30352,0.006789755
21459,0.010450155
32341,0.8429994
19676,0.3842697
37806,0.08894562
18634,0.00024738707
13916,0.41240847
6550,0.5181649
16359,0.00012130129
13680,0.0017757313
31466,0.0030234407
4890,0.48597765
12147,9.0367124e-05
11751,0.0006105612
8476,0.038138766
6424,0.68864024
5292,0.0009335282
10430,0.0020254191
16599,0.011717408
37781,0.36201876
2577,0.0001789713
33278,0.0072047072
32309,0.0016397239
36936,0.37215093
1490,0.0018057061
24954,0.00027834074
918,0.0020901284
32080,0.022685194
23518,0.6904901
5883,0.0006654375
20075,0.856643
12283,0.92141163
21716,0.8241965
35670,0.0010482271
31227,0.0068839793
6418,0.039751124
29578,0.019788045
27415,0.00092136866
35664,0.8520595
26645,0.00025051282
26959,0.57691616
1661,0.00031537347
20846,0.9789498
16666,0.00029419546
10151,0.0006537208
27576,0.002075731
30271,0.81574965
12257,0.0133065535
24913,0.48785385
20052,0.00055067276
27041,0.09856169
39579,0.7689063
25254,0.62675554
22358,0.10187645
5533,0.004912617
37244,0.97539604
24825,0.1028186
19557,0.009084943
27487,0.10711824
28345,0.95878965
19431,0.036769822
7155,0.3430166
5179,0.97777116
23566,0.0013675765
8200,4.9455506e-05
38215,0.012154067
22038,0.00042839992
7678,0.6153757
33315,0.0004172495
31591,0.00930174
6496,0.0085259145
17324,6.7387264e-05
10020,0.00016899307
29744,0.48790333
23512,0.00015352886
32665,0.0018719719
18389,0.00030345298
33612,0.020240897
8897,0.81804824
37530,0.8128615
19936,0.040419415
17737,0.0013289428
16380,0.00045371693
13290,0.6706818
37581,0.0009429569
36729,0.0065973955
36040,0.004507888
30861,0.07298038
39772,0.61255306
14791,0.66507363
18365,0.00086002133
21599,0.0012253925
18403,0.9078071
27341,0.95640564
29151,0.0029635008
12745,0.007896955
38554,0.000113955146
16270,0.10351279
24348,0.014622567
13330,0.0003980905
8908,0.003510611
12163,0.0061144475
23923,0.031068863
28825,0.015633572
10079,0.0010870575
32973,0.0011914371
16817,0.015856348
21410,0.0015247108
578,0.8734233
4326,0.011309343
19537,0.00041475118
21157,0.2809847
3831,0.08183559
32791,0.0065005426
40947,0.00020987268
29837,0.11167181
1092,0.8767323
6885,0.001017611
3799,0.017239781
31642,0.010807871
32943,0.35578713
5085,0.019183178
29183,0.0076588984
710,0.14096522
41002,0.00506789
7822,0.0040822634
11546,0.9283502
1732,0.0016008036
33319,0.0016607802
19564,0.5670862
2756,0.015853431
29946,0.0014143997
3789,0.0021893336
25985,0.00023284552
5326,0.0005827578
28150,0.0018387702
38078,0.3802443
8171,0.000580825
5853,0.93427503
10880,0.05980562
12110,0.16978678
34015,0.01207272
21780,0.0006995311
35910,0.004614951
22774,0.0034437072
4246,0.89916617
17873,0.71891236
5872,0.0010374789
14494,0.007227041
10512,0.0023352248
21632,0.00016807369
38315,0.019782908
33988,0.05726784
33822,0.27009776
5226,0.96102947
21907,0.0036046528
1588,0.0003627486
8288,0.23083587
16048,0.34620437
11449,0.0005892776
21756,0.00045991378
23819,0.0001238072
4410,0.00091506523
29333,0.008331243
7893,0.0007266326
29004,0.009698003
19550,0.51503605
1837,0.007313488
31361,0.023456901
3529,0.0011963847
38786,0.0001720212
33232,0.059503477
37578,0.0002225625
25877,0.005624102
23458,0.0094250515
29743,0.9234276
2437,0.48656893
39035,0.002489744
19484,0.00049432466
29567,0.1354061
33292,0.0092607485
10299,0.00039965424
4148,0.7063987
17222,0.009036824
20467,0.006314993
24414,0.0005402922
26231,0.5325581
13819,0.00038870686
1434,0.77465636
32010,0.0005333239
4404,0.00012053085
40625,0.002676671
40426,0.9209344
30623,0.07420382
22013,0.022207763
13332,0.7864807
31013,0.5367908
27218,0.010555104
15639,0.00065163453
18362,0.0042735673
38970,0.0014679744
40797,0.006190332
28532,0.0017604622
22509,0.024503425
21283,0.9457997
38880,0.03833765
10533,0.014986664
5304,0.0007114283
37101,0.7393623
33483,0.32145602
28217,0.000584959
14940,0.00024714967
10538,6.076922e-05
32903,0.92661065
32961,0.007433849
31866,0.36762667
13924,0.95602775
17531,0.00039195584
31863,0.6258996
39595,0.019171456
23454,0.00069615303
19917,0.3041016
21185,0.0003455616
23699,0.00066444825
36587,0.033166938
25412,0.91533345
20568,0.65137863
21156,7.2409886e-05
8504,0.9225314
38402,8.6589105e-05
23430,0.0029724566
17496,0.15340243
13974,0.020129431
31203,0.002956286
31998,0.7921663
33778,0.0002995898
13756,0.02546929
32487,0.005469088
3226,0.0017723764
7266,0.012624438
17196,0.0107001215
35616,0.98527026
15961,0.00075755746
9048,0.26609975
6898,0.00046033814
14057,0.004884789
30490,0.8960438
17208,0.24193469
98,0.000117726966
16694,0.8890626
39633,0.06859764
14467,0.025542477
19458,0.00679842
29026,0.004658706
22961,0.0029268737
28358,0.79197985
12618,0.26139653
993,0.00093977456
13734,7.9898906e-05
326,0.020309983
25608,0.0076499092
4918,0.0054570334
19678,0.003573238
33790,0.68722165
22334,0.00054892956
23987,0.00026281804
37729,0.0061163427
6282,0.9110451
40750,0.0011688025
32613,0.003436477
21549,0.00016279616
32171,0.0002509039
8592,0.029197162
21286,0.9012244
9312,0.0025359471
7861,0.0002228717
37365,0.0003047112
18521,0.004879783
37813,0.04865798
28728,0.0215731
35802,0.3228103
16649,0.0004101522
1411,0.022521803
21897,0.016210824
35084,0.7511635
31023,0.736454
18671,0.00026820475
18301,0.16811171
24633,0.34751418
34596,0.046629105
966,0.039283328
31190,0.00092138
3396,0.0010811255
13064,0.051487945
1114,0.0008044967
15809,0.026853234
21104,0.0016873009
33716,0.011347722
33534,0.0007019449
8931,0.01239051
17003,0.8898893
3031,0.8220871
33713,0.0024685513
40512,0.00010794782
32553,9.173739e-05
39140,0.00016218725
33543,0.10542709
24402,0.2842583
20018,0.0021598458
9803,0.0012251041
2857,0.0052330075
35486,0.26319602
29904,0.042407382
34847,0.16303083
6237,5.199439e-05
32258,0.13847755
14044,0.012110331
7831,0.00026780358
28917,0.0029437642
16088,0.044688728
4393,0.0006597388
39375,0.086398855
5961,0.015297286
26348,0.9706495
17521,0.38900074
3938,0.09931401
20904,0.15478212
22945,0.0013474027
18434,0.16035633
3252,0.001173583
17647,0.0012331001
32539,0.00057534745
24573,0.0014882648
1510,0.0012914754
33150,0.49329942
11601,0.0090629775
21786,0.886297
30416,0.0037201478
19293,0.49023882
32633,0.0006152279
20957,0.014915279
31569,0.4566728
38162,0.30516145
7264,0.0043680877
10210,0.002640731
8153,0.74604493
3525,0.0012174121
19679,0.00026061147
40526,0.007316833
6646,0.2891371
3732,0.0062954333
35448,0.015571297
11783,0.77007514
18191,7.362447e-05
31291,0.0054825107
18725,0.0012605295
28468,0.9325024
16366,0.45536646
33077,0.5108768
33492,0.0021856981
39893,0.32624358
19452,0.1010157
17121,0.96830875
16502,0.00033370004
2357,0.833798
12414,0.00062147516
38066,4.737006e-05
4339,0.028430954
11430,0.0047197444
3826,0.8310721
13148,0.018160693
39868,0.003219635
16796,0.0012755364
416,0.9728492
31950,0.08132599
18697,0.9570494
2222,0.020408869
9736,0.086589456
898,0.20006964
16505,0.017125707
24075,0.37181875
8939,0.00024121784
12387,0.00092998595
27450,0.0011790836
31701,0.013528171
22090,0.08320464
41105,0.9814416
17915,0.09778454
36815,0.03224994
7811,0.0014495896
4045,0.41362828
25041,3.8160197e-05
5925,0.054725584
5548,0.93036145
35937,0.39896008
19104,0.046935625
23444,0.00019180037
32936,0.60665804
27361,0.000689041
35591,0.12839079
40891,0.052089043
35385,0.07345794
26769,0.0048003355
14865,0.97678137
7563,8.258224e-05
26362,0.009690472
26764,0.07840089
7002,0.0023815744
34437,0.00048692495
11797,0.00041003275
22518,0.037448812
19647,0.94953984
35320,0.001940516
12378,0.031808
22907,0.0047252667
22241,0.00016759313
16541,0.00020633786
23931,0.00016526466
24296,0.0001814527
20899,0.15108995
35342,0.0031517702
1723,0.0013370794
26301,0.0041736774
26642,0.00040841344
28433,0.00021285021
22964,0.0032476427
32304,0.00075535197
14933,0.0005089818
34913,0.0076821386
37374,0.8685903
30396,0.980817
17162,0.00040083114
36981,0.025604008
18286,0.011218375
8442,0.31083772
18149,0.537979
21856,0.872782
3623,0.0077906214
7303,0.0003125297
40527,0.00015641174
20230,0.9628753
34250,0.0005757331
21603,0.2654372
35861,0.00025413895
39061,0.00034270796
20196,0.01345144
15599,0.00058817444
38392,0.62542826
31032,0.019081408
5455,0.002315462
40727,0.82575583
3633,0.00019644453
6465,0.7527423
24434,0.00032406984
32645,0.20206495
28101,0.0020838392
36670,0.54621375
7665,0.0025091877
30800,0.84117645
19011,0.00019460353
16823,0.0015551769
2109,0.0049775206
36360,0.0062069986
3401,0.9602795
16963,0.00037223383
16342,0.85131425
33692,0.56459624
17011,0.0019353974
12286,0.8883675
3806,0.87576133
23068,0.00073832617
8331,0.00034536922
36169,0.013153078
4229,0.45694712
20945,0.840405
35641,0.79104316
7817,0.06586411
6923,0.0035306632
16171,0.0072639054
8140,0.0005570164
19370,0.51433295
4562,0.050870717
2683,0.27891615
6271,0.80321306
37876,0.003966972
24886,0.0010043738
21109,0.0052110385
19044,0.0007297596
16815,0.005090527
69,0.8269588
13253,0.00012403112
13477,0.000106554275
30855,0.04556283
13153,0.00023938336
11270,0.005980401
14386,0.013082896
32783,0.018586837
11306,0.00021087058
39433,0.5111311
32989,0.0026840768
5511,0.0015115013
1498,0.00068354636
5536,9.202231e-05
10545,0.021942507
24925,0.015185797
242,0.84102887
3455,0.00012851428
8337,0.0036386948
16794,0.0101528475
10397,0.0045826784
26795,0.0067979665
19742,0.9544229
30424,0.99073786
21977,0.02657938
26507,0.005325091
30636,0.0015737242
29481,0.6519895
3263,0.33824432
31909,0.012107245
22471,0.02172634
36242,0.0342534
19286,0.0010943422
7487,0.84493816
36162,0.016714348
11834,0.0010122663
14737,0.002211322
16071,0.77209425
17416,0.00021321094
873,0.00047861517
11187,0.0015057148
18209,0.8087965
13367,0.38718316
3578,0.27875966
22059,0.008154467
31690,0.31093356
22681,0.0001943317
10080,0.0035105774
21338,0.25089273
12048,0.00068982586
4756,0.0027747443
38003,8.574933e-05
24001,0.15024106
36770,0.22462134
25300,0.0010110278
37478,0.0007862763
13834,0.11365936
26466,0.8817285
3950,0.0007297748
28499,0.00030789393
36591,0.0017894717
3790,0.04944993
25129,0.0003563068
12681,0.002067017
2275,0.019302376
1882,0.0016534517
39162,8.8883215e-05
7475,0.12845257
32386,0.7984559
26403,0.050667208
3286,0.0014714691
34264,0.006162056
24413,0.43255812
18737,0.01026661
30511,0.00069039076
9538,0.8127752
26901,0.10238253
31662,0.3624671
16912,0.002938677
31038,0.95196897
14299,0.39673412
11488,0.9573103
38873,7.285253e-05
27247,0.00028362582
27234,0.0058310144
1707,0.0012428671
1771,0.0014985601
37903,0.65975887
34953,0.615636
26939,0.00047289097
20076,0.016248524
21553,0.0013860362
18172,0.040432207
2383,0.0015401022
12016,0.18738084
25365,0.00045365552
31060,0.00013743679
18084,0.00034659362
2266,0.60538805
16196,0.09324444
6328,0.0031933025
25967,0.65187097
12829,0.0072475118
3776,0.9798117
6048,0.0006842164
38846,0.17301713
1350,0.0024442459
24419,0.0012916458
7237,0.010529509
31922,0.0004254429
26886,0.0041324175
2874,0.063352816
24205,0.022105742
6556,0.12383936
40482,0.0004010706
3474,0.0009922959
2312,0.0019771333
33936,0.00020678138
11757,0.5153916
39377,0.005502945
9576,0.9124067
28475,0.17055842
21039,0.19850478
6478,7.0476104e-05
10427,0.012796042
19269,0.00048534336
30339,0.0026610177
30163,0.7167382
649,0.15202267
29918,0.21221247
22899,0.85341865
37372,0.5017078
21428,0.29058924
31306,0.028890667
19176,0.0057499874
3589,0.037236292
20631,0.0073752026
18532,0.89242625
16387,0.00032818073
37284,0.78400654
16503,9.506073e-05
26504,0.00616552
35893,0.74808663
6432,0.85992265
20345,0.00022674419
14524,5.483905e-05
12184,0.0036399602
13104,0.0046351557
37363,0.0026373735
186,0.10454377
40975,8.7722474e-05
32893,0.83472854
28749,0.9419469
14500,0.021621732
10465,0.25123224
27389,0.00037508406
36311,0.0014110531
33134,0.21271741
764,0.00020192256
26593,0.21309881
3847,0.16099504
23012,0.03488257
29379,0.0010900602
32446,4.8623846e-05
32070,0.012214776
14993,8.2729486e-05
11699,0.654882
39417,0.00036300806
26717,0.0012730719
14427,0.01612871
7613,0.004162987
24422,0.12867369
24758,0.0005049399
647,0.0008666599
36441,0.25054446
12486,0.97760665
733,0.00056342746
36456,0.9605566
26244,0.024845188
14045,0.79748434
36725,0.00058852264
20016,0.047830727
18342,0.00035434513
38309,0.3466414
29737,0.00019180805
27469,0.010666752
9296,0.14566378
4082,0.06108578
30321,0.92262214
165,0.111358866
33149,0.003458534
2705,0.0026056266
26529,0.005537042
21455,0.00023109448
28811,9.123088e-05
7497,0.21666701
16573,0.9869675
15601,0.010445209
31321,0.022869866
29767,0.00058200926
31801,0.00701604
24190,0.012634939
27535,0.04545542
13247,0.5278879
34188,0.00815986
35886,0.19492492
23907,0.014960016
13438,0.00041745522
26566,8.6881824e-05
38701,0.6333542
22975,0.10261875
3893,0.0008699619
19985,0.9280758
32564,0.00037906825
3594,0.003423553
34182,0.14654173
8765,0.20604342
12854,0.9831524
26240,0.52447385
35674,0.00048493367
5836,0.82078105
4445,0.7263166
11775,0.92200774
22036,0.0016509898
28882,0.9365817
9986,0.00077882526
30436,0.0014782231
3184,0.44950435
12488,0.00214046
5218,0.00077205134
12350,8.962719e-05
20062,0.74601984
27667,0.017639538
40516,0.8501099
34356,0.0018806575
22724,0.003212373
27983,0.030812297
36765,0.007997632
3803,0.9107359
32774,0.20016994
10035,0.54161435
18049,0.02275503
22312,0.06336262
36492,0.0036419374
1347,0.00021283579
27224,0.004075929
33903,0.29411414
29221,0.007952118
28216,0.97231466
8892,0.002125044
31810,0.026019538
4207,0.025800338
6366,0.72150606
31045,0.6567178
22636,0.8114516
19732,0.017822836
16671,0.028871855
13196,0.032779723
15322,0.012215133
16185,0.003697389
18045,0.003062402
13941,0.6427924
23975,0.00016003197
6946,0.7691676
24314,0.044818938
31247,0.00055679376
36868,0.0006222172
7324,0.0050754407
9861,0.0013099324
1632,0.047968578
10962,0.16084895
20840,0.045544125
26297,0.008182854
36148,0.22000459
35168,0.00015631499
27537,0.00559935
15267,0.10434182
26055,0.0001554136
30509,0.12970738
29343,0.0011497232
28438,0.00018887344
18718,3.1450072e-05
13674,0.0013028682
35589,0.00011366776
12422,0.00037692272
6769,0.019197185
21115,0.0012862405
2602,0.81531787
23280,0.005309497
3753,0.10491123
25323,0.0010332523
22714,0.97295636
13600,0.00022186227
20006,0.0005178136
3067,0.0065286662
7024,0.92978156
17704,0.07179242
7577,0.0011414145
39011,0.75183094
41016,0.8631117
28073,0.0002032271
14273,0.5266352
26895,8.9311514e-05
23693,0.0003811649
35393,0.099266045
27618,0.015757553
18555,0.5724898
19970,0.00072617223
10670,0.0392343
1183,0.027684933
20259,0.012636426
24551,0.0007909698
23628,0.0002791814
16583,0.0015052769
628,0.00046704258
36707,0.00700423
16293,0.00021561219
2007,0.3492502
36229,0.00074968714
25959,0.013665221
29235,0.64890665
14742,0.97225046
25638,0.002216954
4471,0.011703908
34055,0.6339458
376,0.0047148885
7096,0.00508333
25982,0.009832818
31874,0.05673121
34330,0.0078076324
8413,0.8640897
8057,0.004876503
25946,0.00041099035
33524,0.9314017
40844,0.0030303276
22118,0.1442588
27871,0.8625367
10424,0.1714462
19020,0.00020179611
36166,0.8392645
1298,0.0032670023
16792,0.571322
23335,0.011018418
36782,8.299506e-05
27067,0.002363712
37905,0.54799145
8082,0.049976137
7339,8.8631925e-05
2126,0.010624861
18306,0.020041985
19040,0.14074282
12050,0.013167605
6663,0.03447124
11904,0.15677191
11997,0.116964005
28096,0.0008134399
30976,0.0149365645
20290,0.0025618088
26480,0.23517929
6650,0.8416275
40899,0.5106886
8795,0.033877824
19719,0.006703035
5869,0.00083479827
17590,0.0012117918
35157,0.051577184
36633,0.71126705
39907,0.7521016
31742,0.04536139
24863,0.2419073
24619,0.0012063334
24678,0.45749623
20713,0.009875579
12484,0.0002840155
28636,0.0044536893
26007,0.006719863
4602,0.2577848
20970,0.002480839
31002,0.0006781957
4737,0.0046419255
26546,0.009733498
418,0.0007224239
19193,0.0005432019
8648,0.90616393
20371,0.00026846517
18137,0.00051194377
27647,0.9585414
33352,0.07878644
1260,0.013342192
14445,0.0060723685
31141,0.02199778
14754,0.0015203941
2564,0.0006099656
12374,0.13909149
3021,0.0005329882
13815,0.090446845
17244,0.002289736
1383,0.00021764028
39636,0.000974905
20646,0.7003508
18794,0.9494565
24342,0.69683605
32056,0.0007818908
4269,0.5780973
37933,0.001180151
32831,0.001322923
2518,0.00036212231
29107,0.47446802
32678,0.0037562826
20248,0.23495059
5762,0.037272483
39328,0.86100024
13938,0.020081727
39578,0.0029414839
12335,0.00015618849
36995,0.8733464
15767,0.003367699
12596,0.0032273019
29216,0.00018330941
30744,0.5780056
37519,0.0058425334
21235,0.23642765
40980,0.0032871312
30117,0.00048484677
8394,0.7412714
1991,0.05946675
35663,0.5748979
38017,0.00189217
31254,0.00048380528
942,0.85057276
4212,0.057409838
14832,5.2438365e-05
33428,0.20519407
18670,0.0041207015
13650,0.004481725
19688,0.00086334406
19038,0.0010674136
38822,0.0075861784
40395,0.06368431
19749,9.278424e-05
21717,0.037863206
34512,0.004777378
22934,0.26538816
22552,0.0007613091
11418,0.7884826
36093,0.0019744253
34615,0.0017663093
16726,0.002953829
3842,0.00057048316
33637,0.8314557
4372,0.81063396
12619,0.11676711
14275,0.00012409312
20520,0.046005223
33974,0.033532258
23135,6.920276e-05
27678,0.0033604025
40445,0.4554183
32224,0.013812495
13863,0.9850277
16894,0.7805607
28507,0.2077729
626,0.0004380625
35658,0.06477977
38739,0.007961234
26306,0.97999406
14310,0.00021270475
33812,0.0011496323
23868,0.36841604
16550,0.4148984
40966,0.0067971195
41015,0.10173912
40268,0.004376014
26953,0.5689027
20482,0.0002704214
3100,0.8813202
34050,0.8342834
13931,0.03682364
1959,0.0005471712
25787,0.021986641
35273,0.0038162337
25016,0.00076750194
31448,0.3248969
30327,0.42592394
32640,0.0011877962
34313,0.9639768
17179,9.017646e-05
23024,0.00023584151
39265,0.13322219
19271,0.06245713
36696,0.0007754272
28959,0.075573996
15673,0.009008795
34796,0.0007338074
17362,0.21688418
38142,0.00013884436
18411,0.004532163
27403,0.000336772
35580,0.014216899
952,0.0003111013
3002,0.94234055
28962,0.9195074
32604,0.7569693
9826,0.87344474
27287,0.030821119
5386,0.00055989024
35145,0.00026804546
26238,0.00017733309
18636,8.3458624e-05
19824,0.011094603
34837,0.08757622
14137,0.025615634
28564,0.8364721
26998,0.007776138
20207,0.0024705199
11105,7.83638e-05
35927,0.007991684
16377,0.0029537277
34,0.8718794
4523,0.04921099
5388,0.002466706
32573,0.0021472096
3758,6.7837886e-05
8087,0.0060388353
28559,0.007850851
23688,0.00022359089
17624,0.00088388595
1863,0.0026008105
36033,0.08620414
6235,0.0025869333
4169,0.0015363737
11960,0.0045460924
27817,0.76787174
16460,0.004544539
36031,0.00090750214
38572,0.045071065
29428,0.0549639
40924,0.052674998
12702,0.0033947567
2592,0.051826015
37210,0.61065817
29487,0.63274765
3833,0.009030187
13999,0.0062337313
11942,0.909424
10890,0.0073908796
6686,0.0022198786
6549,0.71612084
39306,0.07278845
30755,0.0002636216
37289,0.85088897
39735,0.027857935
11107,0.3137067
3735,0.016053647
39658,0.6693664
40574,0.0007758507
8279,0.0013608063
29502,0.765043
378,0.00023394972
21808,0.0052387323
28111,0.00078446633
37757,0.00023462834
12995,0.0010549186
4844,0.00038716398
16826,0.8413642
1793,0.42752576
27088,0.00024702883
2165,0.98297966
36859,0.8725663
31758,0.000689862
33203,0.9462698
8501,0.36567706
8726,0.43201393
14926,0.95553344
34326,0.10681391
1761,0.0064860634
6426,0.0060405894
25304,0.7899319
8761,0.53655463
6747,0.2819989
31586,0.141912
9211,0.007338226
37570,0.000320312
12234,0.6608151
19687,0.12925969
37074,0.003296985
24186,0.043722283
23129,0.036727574
8508,0.18529515
23689,0.0077860896
40735,0.43862674
25884,0.8104792
5991,0.055651583
23224,0.0010071574
34410,0.014269548
18223,0.46779847
26996,0.55572337
14711,0.03746552
200,0.009732745
23134,0.00044399462
24867,0.002680728
22750,0.43566576
12969,0.0043475926
35563,0.24368952
14804,5.9692702e-05
3043,0.0003537563
13822,0.332498
6730,0.79622
37213,0.33275348
29879,0.76733035
25994,0.039195932
23878,0.021771997
27998,0.02859805
38557,0.9225565
27136,0.00050903106
4405,0.0002598778
780,0.0018839496
6181,0.003579498
33430,0.021456607
20083,0.051186547
11149,0.0012632783
20580,7.354497e-05
20814,8.773477e-05
22400,0.6135203
7414,8.880435e-05
13832,0.00045744868
34117,0.18679199
18685,0.95649755
26043,0.032581132
31576,0.00054433645
1856,0.0026449815
38325,0.11582753
27934,0.0001392291
29269,0.6767422
16831,0.006382373
32166,0.8913857
2588,0.7747479
15666,0.84416443
31136,0.0016884466
7911,0.38931313
39525,0.012611938
39647,0.00023804708
25123,0.00043948204
369,0.76271784
14049,0.0010303049
28663,0.9046566
35244,0.022540903
9902,0.00462524
40701,0.26882672
9282,0.002319387
38913,0.03571778
18295,8.062586e-05
21758,0.0007448256
36800,0.0015396395
29147,0.7084163
21724,0.0018142564
37460,0.6434078
8124,0.00034584734
6399,0.16482858
39487,0.0025024037
11568,0.0029373139
5165,0.9162262
12423,0.8205803
18494,0.00039618034
7183,0.0011000889
13400,0.70055926
8993,0.61993295
39607,0.3605684
16003,0.01840033
4845,0.53976756
5595,0.32523188
36802,0.02285842
14603,0.01642139
40596,0.89926225
35177,0.08277046
38593,0.0032994712
35749,0.10197959
1061,0.004811659
11768,0.9625264
5384,0.0009674624
8858,0.7712144
24997,0.031077493
32084,0.028601255
11206,0.00664872
7109,0.17716146
18490,0.8241388
7270,0.0003604651
23156,0.00078831735
31382,0.0014424848
27721,0.78245676
29736,0.2866324
8982,0.001290418
697,0.0004753973
28977,0.00013305944
19776,0.0010681242
4235,0.5564375
13298,0.00017626649
38936,0.0001463008
20348,0.0008423063
35637,0.06600715
745,0.0014599964
1288,0.001972979
517,0.64288515
13951,0.0022371504
7989,0.08327688
32270,0.000819977
32621,0.5490888
3128,0.033526797
6925,0.0024148617
2896,0.6516103
34374,0.09164859
10552,0.007092589
6056,0.011363552
13867,0.00073869847
36327,0.09634109
4341,0.2601577
14641,0.32312813
34585,0.39514846
13307,0.00029140507
5742,0.30728874
15920,0.025544018
7880,8.709617e-05
27844,0.0037547664
1086,0.016041847
12525,0.81002325
24898,0.0009874884
18616,0.006758471
40540,0.0039295573
3298,0.34930828
30051,0.0014954644
13532,0.013078752
8354,0.0059028845
36207,0.0046259356
23210,0.30075303
24669,0.9290753
1717,0.022123277
3916,0.26710275
28685,0.9060511
17193,0.27381364
17237,0.14475684
30679,0.0016679562
8105,0.055730823
26559,0.13165429
24347,0.024509553
37020,0.06095939
16674,0.94242406
24601,0.01221179
40547,0.002067249
37264,0.004268488
38683,0.004895033
1448,0.0014912303
34887,0.9130725
18194,0.04509378
13204,0.049001925
30412,0.3922056
4342,0.00014340872
32743,0.6872842
18487,0.033265438
34955,0.69162345
35033,0.24732693
37254,0.9551919
8467,0.0010342154
27815,0.023420194
6492,0.0020144773
4219,0.0011337402
18881,0.0049877856
36017,0.001312445
12073,0.20063901
15482,0.004810401
40229,0.001462009
20867,0.91352445
6062,0.9149305
2658,0.00038587506
15951,0.00055768446
20166,0.16207299
35337,0.027208624
20292,0.011117315
3707,0.0017409672
28003,0.0006741979
39223,0.007720692
7949,0.00035935445
14623,0.0049574017
21337,0.88074297
35106,0.0015786077
24691,4.7413447e-05
2894,0.049069878
39605,0.0007092255
11118,0.005120446
34891,0.9668975
7738,0.0027925076
29067,0.039712574
6204,0.00204176
39643,0.7724433
7568,0.0005946366
25722,0.00017559783
26964,0.0004211738
33147,0.00333037
6528,0.017861892
31784,0.88436013
23571,0.0043955883
38746,0.00017852442
10351,0.0011007672
24147,0.031765267
32246,0.94302225
11671,0.006561299
21287,3.46438e-05
1204,0.83941466
6379,0.7118361
7134,0.004916157
8304,0.1449946
11667,0.0014141168
18770,0.0017681984
4322,0.9217719
3820,0.00028480074
3614,0.9030242
32822,0.0006879892
15661,0.00091475004
38843,0.08929669
37227,0.002148795
39251,0.00011514795
24681,0.0005844546
34599,0.00013806926
15944,0.010191786
30579,0.017737271
18834,0.5484948
39358,0.0005479698
8202,0.014634306
28121,0.90532535
19277,0.00774767
19535,0.0027834636
18388,0.0048175077
25406,0.0076476578
20117,0.010825089
31914,0.0009621379
11832,0.3552556
7028,0.77746314
35344,0.018902715
10192,0.022131588
3660,0.0012836417
15777,0.018133301
6225,0.8397827
18339,0.6069399
33801,0.050337754
5916,0.0061218007
28983,0.15058155
18025,0.06647328
5490,0.0005291634
8569,0.0017714327
13651,0.00080701284
35728,0.011657553
6887,0.008882523
13681,0.03859028
28998,0.044554137
33288,0.0013644716
26631,0.01831787
1496,0.50815016
14668,0.0012397192
29982,0.0020165136
32099,0.000594007
28969,0.0005247494
25647,0.016363528
36645,0.16666634
17018,0.0009568864
23860,0.0010523044
18874,0.71629083
8445,0.58462834
28778,0.0014097086
36276,0.4943434
28299,0.0029863946
6948,0.00010790284
37613,0.9165459
34459,0.002815767
36673,0.03104432
29279,0.0019213521
21426,0.20998229
33463,0.0055185696
13957,0.7215827
1248,0.00095080613
29025,0.004438312
32091,0.008341228
14856,0.71414423
18843,0.057414573
11841,0.0016288892
18176,0.0034043104
27260,0.001817296
11541,0.0037754527
12571,0.00053058384
10746,0.00075024355
13529,0.015628375
15393,0.7539038
16985,0.102384284
8763,0.0120129185
25949,0.00029957978
26388,0.018768936
5371,0.035547715
15364,0.0040383805
19012,5.481588e-05
6388,0.4580962
34651,0.009923626
15864,0.00070416566
13953,0.00048466242
7250,0.7680204
17595,0.107369326
34146,0.91497463
37406,0.0005025542
17291,0.0045637
22629,0.0014900636
18272,0.006711847
12524,0.0041669505
30082,0.00017071498
34322,0.0002287397
19140,0.24377047
32827,0.00027158592
279,0.1100482
21798,0.8534468
36365,0.0023483795
14881,0.00047897067
37048,0.045769118
22893,0.9286787
30687,0.16985826
13825,0.0006352966
14871,0.049602855
9769,0.86570585
40083,0.0009602431
2305,0.00019354967
22868,0.5263475
2350,0.0021225207
19637,0.00012884656
3155,0.95986605
8091,0.029382395
34715,0.0007141617
29690,0.007272328
29939,0.96427286
7168,0.8492555
12088,0.00035259387
9183,0.98937714
19321,0.33045077
18647,0.0012739737
9206,0.0047176033
28248,0.23269236
24149,0.65965724
30130,0.0010946733
38898,0.00061568955
12710,0.054691512
16111,0.029065644
16914,0.0024687648
23041,0.00043853943
29633,0.0156169
17847,0.48035815
17364,0.27675802
22814,0.00021460743
39863,0.3405463
39086,0.9418182
39601,0.0018762758
38648,0.3415057
3068,0.034437682
13713,0.0002862776
17407,0.00026681268
5780,0.05202903
28257,0.40610653
1758,0.18746191
24453,0.0005839312
38811,0.006572681
2754,0.0013695393
15497,0.88834906
11098,0.0012424724
19210,0.84344995
21126,0.9250523
36214,0.00055945036
30463,0.049156193
33105,0.015888346
8786,0.3580497
16660,0.0081171
5821,0.0049332385
20216,0.01555099
40756,0.09356645
28456,0.33047038
8170,0.03665164
24978,0.0018410542
25698,0.0010767556
31342,0.31670514
12954,0.006876157
21835,0.39957994
1575,0.86875355
22179,0.00017167594
27930,0.0011054303
35825,0.17112328
11591,0.02627303
20630,0.9741434
28898,0.9287957
6865,0.89196503
21401,0.013928427
35474,0.00069771055
36985,0.47596258
37121,0.000106919564
17819,0.5771941
14597,0.0029433388
20182,0.004409657
25472,0.35399982
38079,0.7821812
20341,0.79486305
3585,0.0022358533
32193,0.0006289069
1227,0.53807896
21504,0.00052972103
36010,0.001726625
8944,0.0004190962
33550,0.00081354915
18317,0.01362577
11645,0.7476103
10593,0.16802667
31185,0.7920596
25468,0.9400637
2960,0.002319731
17720,0.07354484
5657,0.001250603
33064,0.0023832687
22111,0.052058306
11976,0.3684571
37124,0.018012425
7685,0.06534311
11592,0.0009455519
3914,0.00013311554
32590,0.005002216
29646,0.00083382
32877,0.055083476
40582,0.497893
35945,0.012254872
1181,0.06855478
6863,0.80327654
28796,0.8870024
4428,0.2088778
1433,0.5669831
21616,0.92811316
21595,0.0005771814
22902,0.00045147544
8923,0.0015634537
15558,0.022097522
40380,0.00015352228
4292,0.7858131
31694,0.0022222404
37611,0.00011840505
10496,0.0005217628
34824,0.9707022
26830,0.8415866
2879,0.2876909
14285,0.19411223
11121,0.011548908
14128,0.000116170304
5940,0.031079652
9116,0.017634002
39014,0.90968055
23175,0.00045629154
38568,0.0004608367
36535,0.9235223
15199,0.0024162887
1904,0.021972906
39297,0.00049890194
1197,0.04901339
758,0.0005279014
13909,0.28508088
39096,0.0026824255
37000,0.026596256
5579,0.0005607209
40751,0.105067134
30162,0.0050186566
8249,0.03238185
34977,0.030154977
4699,0.0026059004
35305,0.17637298
9062,0.050818272
19313,0.21411863
36253,0.0048380303
29704,0.123025775
5356,0.8355639
28575,0.00827123
33864,0.9716125
14470,0.0017557706
31026,0.011076615
36910,0.0005973445
16441,0.00018498994
8054,0.001002926
14682,0.0015848118
38171,0.0014863549
1182,0.6020795
3197,0.018755464
9480,0.30002737
38432,0.00025518227
7538,0.0027850075
23069,0.7840809
3189,0.0013713555
12140,0.9222245
1500,0.0459457
2142,0.041497186
29618,0.00022948987
35056,0.009966698
7003,0.006235861
13976,0.43650436
19949,0.013916991
16398,0.00059238327
3850,0.000546189
38201,0.43138516
2847,0.012332104
1147,0.83324605
27277,0.4263006
21840,0.00017499745
34075,0.49967125
33847,0.0037532896
19148,0.10875078
32480,0.0009828134
35185,0.00036606973
15292,0.0007318569
23737,0.45246536
6889,0.0059258197
21987,0.027719557
32177,0.0059323343
16297,0.049110133
17348,0.0019631446
13259,0.007382883
12522,0.95559275
26405,0.34742445
41129,0.0004712054
18167,0.019148126
9165,0.07334788
8517,0.0001217797
28148,0.8594449
1741,0.38963708
11461,0.6364966
36460,0.0011717706
15974,0.003555471
31173,0.0019088109
6911,0.14926802
11925,0.0002592529
15092,0.15184304
31151,0.00066466205
6936,0.00034007255
21928,0.11266315
17385,0.05495548
31734,0.074896865
35117,0.00097612565
2854,0.0014761068
7569,0.8991007
22283,0.77107614
14447,0.0050915796
10146,7.1862254e-05
33752,0.023524547
8613,0.0007499787
22303,0.14512299
4921,0.00041185514
31144,0.03793039
37282,0.8655836
14132,0.0028103855
30070,0.18062429
7431,0.00057534775
36102,0.022668181
16768,0.0090309465
22325,0.62449294
3451,0.069917075
38156,0.0025089514
31265,0.00028252983
36989,0.0003684781
13596,0.012300961
29399,0.10636577
32931,0.0029800578
37001,0.0011127292
11988,0.002720689
39119,0.04705554
18053,8.624662e-05
32688,0.0015240395
4253,0.028481359
2053,0.93643224
33293,0.00037693442
23884,0.0405839
38762,0.69085455
25271,0.30593106
14583,0.085320644
3592,0.5022892
16264,0.0009832231
32121,0.00026528494
19268,0.8359187
33771,0.0015877383
2617,0.85696644
28606,0.025011586
28709,0.86196506
38417,0.00090884685
14163,0.0040238197
33256,0.66578865
12653,0.10579272
37400,5.8565234e-05
14513,0.0021817156
22732,0.004497829
14741,0.060497306
22535,0.00023659083
15384,0.0055271075
18575,0.099878356
12223,0.9668383
34854,0.4223702
29500,0.00063777267
27158,0.37843356
39765,0.06698753
36347,0.000728303
28364,0.8824229
29056,0.0008381675
21440,0.055107668
37663,0.0019236873
10675,0.9116971
15004,0.0014775356
39667,0.0005595813
6527,0.009471557
25356,4.5338165e-05
32036,0.00018314151
30312,0.08999763
9354,0.00090181787
40911,0.006201789
17571,0.8218763
14029,0.0025200958
26492,7.2039344e-05
5078,0.0037201496
6262,0.0027440444
41039,0.00090239855
16132,0.791086
2071,0.004753812
6197,0.0032073534
15821,0.7911254
35112,0.5284229
40872,0.010328801
3296,0.68790376
22198,0.050189
3202,0.019242667
2034,0.10295949
11215,7.359204e-05
19407,0.88439924
264,0.07522419
19165,0.00016780323
38305,0.0010509302
9747,0.34128729
8435,0.9470732
28116,0.009219949
7388,0.6710769
32118,0.06494802
33000,0.0007483509
16545,0.35713735
3481,0.023229295
7369,0.0008018112
6585,0.89061487
23652,0.8848184
40307,0.00019224564
18391,0.0045747217
14929,0.025825603
12781,0.010394208
31697,0.5714373
6354,0.0009211637
11031,0.967866
24641,0.00037985088
4641,0.00054144335
6244,0.8722478
25321,0.0030028124
8909,0.00059506466
39180,0.30263057
26341,0.00010170904
37850,0.047620375
24232,0.73555416
25579,0.7654394
19102,0.00029299746
20072,7.816923e-05
23338,0.00044032073
26154,0.0090687005
1719,0.6807297
23687,9.1942326e-05
9189,0.007998313
3053,0.8865271
32512,0.58481526
16657,0.0021243445
31156,0.0013254825
6860,0.00044767247
36997,0.92215204
22637,0.0017295247
30943,0.9287945
1097,0.006316561
7119,0.94263256
33559,0.58621883
24139,0.0004956968
32616,0.005950795
32228,0.947566
4805,0.0010066744
4900,0.0020277915
19713,0.023374837
31630,0.9522784
7117,0.8578932
6216,0.0033651586
15220,0.0012176301
12133,0.034811575
21060,0.0007534071
23409,0.004918007
28336,0.0006010068
25388,0.4605546
15177,0.34326893
36913,0.013510257
27416,0.0001619678
23933,0.08083339
29429,0.9739656
26692,0.012654388
29488,0.82508063
18578,7.125493e-05
20573,0.26944548
11245,0.006723954
9571,0.0026391917
39462,0.47899824
22101,0.6530236
19415,0.022814168
38734,0.96026874
8293,0.96639663
6053,0.00015963937
34813,0.5060924
16981,0.3247391
6746,0.0042707985
9987,0.017819263
23314,0.00045521045
196,0.0035789234
16229,0.3237393
21355,0.0032625673
38748,0.0048526395
17664,0.28446963
5264,0.0051595108
17479,0.73819315
30182,0.0026939576
4335,0.2248583
8248,0.013864834
21382,0.27799213
29046,0.00013922247
26688,0.00016997772
23427,0.013156953
16098,0.004494702
4707,0.00011702665
40393,0.6740805
8745,0.05824467
15902,0.95758575
19146,0.9249746
24896,0.0044391756
39704,0.004005228
18525,7.459897e-05
26048,0.0005772224
40375,0.31862983
38778,0.052722797
18695,0.00017967523
4634,0.94457555
18379,0.0004070338
32907,0.00432499
9370,0.0023242272
35047,0.020715073
6879,0.0044258097
11234,0.012662862
20730,0.2114832
20415,0.19482939
39659,0.0013438386
36818,0.0001438139
4592,0.027651656
28377,0.9110325
16936,0.015298113
9547,0.85915524
34951,0.01119881
39630,0.0004823111
36147,0.014599231
23516,0.000593769
12341,0.0027690397
21014,0.00020277282
26286,0.9846021
7821,0.8585132
14916,0.010216984
12757,0.01456439
32911,0.28572825
21027,0.45074207
6149,0.003219583
25648,0.001596955
14958,0.00034679953
27864,0.1930148
5746,0.022041375
35161,0.19257258
28789,0.0006789966
28376,0.00071286503
6596,0.003346658
21385,0.8935887
21358,0.00049587735
18012,0.002028082
34769,0.0001803405
18558,0.00021803573
10389,0.00056359876
12053,0.68946254
39390,0.94733375
38409,0.0011278512
34969,0.0007200941
15069,0.00018789612
6272,0.00068088813
8230,0.0010073594
12181,0.0007474615
12135,0.45207095
21807,0.026626917
8677,0.5094345
14366,0.95540863
12858,0.00031804747
960,0.042387217
26430,0.00045688872
29870,0.84769773
6000,0.00027494156
181,0.007644937
12701,0.042271473
14412,0.6849102
22833,0.018702239
4028,0.008952179
3645,0.0057791774
37398,0.96700805
20817,0.010297443
10091,0.51735574
13759,0.02354402
32684,0.013451237
10755,0.20388728
32343,0.0012108115
19438,0.0047424147
31722,0.021403713
16570,0.0022252558
21582,0.00023449528
32723,0.0061781844
31397,0.967816
5975,0.0029170075
8194,0.00014847178
12348,0.0007317561
5140,0.055617515
33726,0.003479439
37445,0.0007285977
28503,0.09226606
38713,0.906646
27604,0.8078671
39571,0.11121625
39997,0.00082152477
24706,0.0001803357
38895,0.06459947
24948,0.0025487125
28118,0.35083285
27508,0.8845583
26194,0.035357565
31077,0.01223965
13988,0.00041172878
15030,0.75285673
10333,0.9880406
4480,0.004552413
26273,0.006383005
32494,0.9011829
13150,0.3603757
27443,0.05469606
14936,0.036092635
8755,0.0017321744
19348,0.00075193343
9311,0.003431818
6814,0.7671135
1377,0.25410894
40521,0.5542112
5298,0.97264355
26638,0.00081985473
6725,0.029553419
8132,0.009482045
27836,0.011205011
7640,0.011186662
24210,0.00011033296
4420,0.62103975
38238,0.00044853508
19882,0.3985802
23077,0.000544226
17503,0.00014697741
12519,0.19198127
9469,0.8946772
17220,0.0010088595
30557,0.01686032
40174,0.0017979848
134,0.00039512652
21532,0.08481132
40896,0.00026048577
29590,0.0004618939
36076,0.02132823
14073,0.0027929035
4227,0.107974134
41038,0.06503695
9598,0.26958358
3406,0.7744983
7323,0.00424724
25562,0.001248082
5557,0.047167204
11636,0.0002843078
32656,0.0021381807
10245,0.0119359745
34895,0.18681793
6597,0.03992934
3211,0.021751493
4057,0.010111718
23085,0.0005547286
36830,0.0123200575
20355,0.7649451
7779,0.010621279
17024,0.5045829
15875,0.00029021563
25410,9.551223e-05
13356,0.49277747
3165,0.008783002
18868,0.72036636
18207,0.0009062138
26914,0.76470685
32516,0.000647022
39760,0.004017625
13729,0.020028256
8899,0.436332
22021,6.5822765e-05
26245,0.00323275
14222,0.0013299551
8976,0.49459463
3923,0.0009842254
16818,0.30221942
18197,0.0025440329
18461,0.0027220685
3905,0.0010827922
5824,0.97468287
32027,0.0032548713
29261,0.0008829074
36447,0.0021467092
9743,0.9075935
28153,0.87734026
28059,0.0010870518
23083,0.85000443
27449,6.212895e-05
40974,0.9225283
36731,0.0011442384
38921,0.49505267
20001,0.007920061
28106,0.00033053505
30961,0.00033835275
32850,0.0051387358
18952,0.9023683
17930,0.00026708527
16330,0.006997696
12036,0.00085106224
38925,0.11870526
11281,0.65678924
2848,0.009522185
37168,0.0024316774
14976,0.26535633
2799,0.46084508
29307,0.00023035359
23008,0.77052957
33389,0.73003864
19632,0.0002309238
39435,0.012172648
31015,0.00014380664
18937,0.0008915395
4396,0.0015793985
37015,0.0022186835
8362,0.0010841272
4538,0.00017986722
27664,0.68026483
25383,0.0068659363
20718,0.020009337
34794,0.00011042928
2955,0.02788912
30147,0.14827868
11865,0.0023661037
29814,0.39337048
40334,0.16063038
15039,0.001171053
10801,0.90096223
6978,0.005762877
1390,0.07972063
1039,0.63968736
21707,0.008506436
33857,0.93492824
7419,0.0010050768
20859,0.20802027
19025,0.16313982
36410,0.00027739603
1896,0.0033877012
34514,0.91649127
38434,0.0024309463
27298,0.015841762
9441,0.00017104475
38844,0.8123707
9027,0.033081945
39155,0.17354988
40777,0.0006232457
11791,0.014259624
24674,0.0016116281
1318,0.00088539266
8047,0.89170235
21036,7.592749e-05
8889,0.007472368
2676,0.22727199
3945,0.9087102
5068,0.00016339646
31090,0.65206283
9051,0.0035604832
19525,0.0057184547
19449,0.00018032624
37587,0.0003436905
17726,0.13133585
32928,0.8193417
29520,0.00040461242
3541,0.7916574
37636,0.00091352634
30097,0.1533699
24482,0.006020057
4469,0.00063476915
7605,0.035672974
20777,0.317639
34649,0.01344918
8913,0.059884544
23592,0.017652566
19496,0.00033692052
33940,0.00060796004
28524,0.0004987814
34141,4.578355e-05
8986,0.014749526
8489,0.00080136396
31797,0.64009887
10045,0.14044294
19107,0.023540452
23855,0.29178122
3839,0.0066427644
16106,0.43417525
16180,0.00993065
2310,0.96744657
8049,0.44650295
35729,0.459883
38896,0.24560669
34764,0.95462245
3673,0.016065521
2457,0.00068756734
7653,0.0341156
24008,0.8747367
35210,0.21902502
9936,0.83664083
35403,0.019575149
38026,0.20600347
11487,0.0016924434
13053,0.5016061
16362,0.0033616277
31928,0.0050883126
24068,0.086959906
39103,0.00013434453
18444,0.0032175623
12528,0.067709155
13364,0.00086356915
27677,0.091048904
28711,7.346499e-05
32706,0.015908757
41132,0.0029597413
623,0.00027070334
27494,0.00031983567
34116,0.7772217
26109,0.00025991173
39777,0.00013040657
5732,0.8406703
23245,0.0036688924
17365,0.00013909096
34864,0.022576129
38664,0.002089295
12574,0.0005879242
35770,0.00091230683
37671,0.77502114
39323,0.017501308
33944,0.0001409984
6604,0.28164348
23873,0.00093759823
15363,0.5581005
20218,0.89187056
1296,0.0003979499
19398,0.015865846
15984,0.0028757285
31930,0.14453532
12307,0.0009809168
31755,0.0006071794
33119,0.93929553
25238,0.91139007
20579,0.014873498
586,0.00022503089
7724,0.0123333465
26288,0.00017416246
28520,0.0064192377
4667,0.014153092
31525,0.0006543972
1026,0.014339551
2578,0.00652542
21502,0.001076109
2987,0.012753615
39415,0.692585
27623,0.012847712
35724,0.00092185254
22982,0.024127161
11919,0.00017697531
4879,0.00082311936
27406,0.0047976933
15018,0.0007542551
13131,0.0063129705
6018,0.0011859626
17115,0.27137244
34229,0.5550027
6253,0.15088972
22563,0.0034392802
5740,0.88308275
27899,0.03295229
3025,0.47511458
11015,0.00017981802
4058,0.3322919
7743,0.00026643166
29262,0.012170205
6536,0.006446691
2091,0.0009922741
13630,0.0007443346
21431,0.9367533
21994,0.92424864
30710,0.14659235
12535,0.00071960327
5336,0.63606495
32160,0.61468637
33216,0.01027634
10370,0.0001541889
38487,0.03855137
12760,0.5344711
9225,0.66382563
31071,9.700731e-05
8106,0.010127419
35744,0.001185766
39033,0.32686394
23367,0.9583284
18849,0.0009240919
40669,0.025952421
17041,0.95591205
22951,0.76446426
28972,0.021892
19185,0.0040023094
24802,0.0011186246
16613,0.00028317946
9038,0.042099234
30333,0.7863026
29790,9.138604e-05
29915,0.0025310644
18963,9.7162556e-05
17355,0.0071686273
10999,0.93248975
23832,0.9665295
9103,5.4129625e-05
7515,0.17094478
21003,0.9750151
31040,0.054940842
2943,0.00037912643
2548,0.0050233155
4679,0.00015989943
32459,0.7305269
17965,0.9780531
6666,0.8191627
29459,0.7841636
31299,0.9396121
21981,0.7948292
27119,0.0010803487
33533,0.8616626
40008,6.847901e-05
30212,0.00033061416
21620,0.000400851
28808,0.04290493
31229,0.00035578985
12732,0.00011979764
10542,0.0051272376
5394,0.07596912
18363,0.0084631555
19243,0.66695213
19979,0.012395384
16186,0.0007827411
1564,0.8092638
41112,0.10730241
27839,0.00034348073
31945,0.044305023
36025,0.036050472
16675,0.0079455115
36907,0.0008910792
35792,0.35441056
36755,0.023263233
7800,0.059145514
12277,0.033828355
3734,0.0073586125
25724,0.00056845805
38427,0.00033584732
19150,0.00089637935
22811,0.8076458
31134,0.0008218348
16379,0.95486873
20807,0.0010954734
25252,0.015208884
20315,0.0070049725
35166,0.0009736272
37112,0.0026323963
32267,0.9054395
11478,7.5371085e-05
5694,0.00050702336
16597,0.82963157
34187,0.0012414828
7268,0.008328888
23002,0.7834673
34550,0.0001524402
35221,0.0036563394
10050,0.0015018557
23366,0.0011730851
2001,0.00019408987
18153,0.7925237
27426,0.5591964
38700,0.5426388
24927,0.042478785
7753,0.0009678464
34162,0.002439695
29673,0.00042203793
15553,0.0023241774
4981,0.0023099938
10820,9.3728646e-05
19021,0.017124744
2900,0.029596385
33359,0.020763507
31516,0.37861094
30533,0.00048883696
28990,0.80608505
38974,0.00057847705
40920,6.691404e-05
29887,0.000343996
28913,0.51827735
4430,0.14804192
30900,0.043207355
37407,0.0001707998
1387,0.00017642237
16168,0.8921352
32108,0.00197333
13842,0.0006789778
37907,0.00061195827
34803,3.280131e-05
344,0.55533564
17446,0.45345557
6778,0.1999391
2254,0.90370554
8844,0.18926804
7285,0.0011051671
37579,0.00060944003
36232,0.57187265
39864,0.0019321477
36578,0.0016405189
1815,0.0018282657
32240,0.97153634
139,0.48898187
904,0.0011138205
31133,0.00060529
19700,0.8491524
120,0.00040891694
20990,0.0035507877
32611,0.0016825678
11373,0.0006717191
28428,0.0053700386
9123,0.88910764
19006,0.9728708
19291,0.7180365
15181,0.0084706405
9588,6.600007e-05
39845,0.015946247
11756,0.019837879
34373,0.019771568
24717,0.0002981912
23045,0.40901124
32126,0.0020732572
12248,0.47393313
12904,0.00016323371
24840,0.019792328
19147,0.0005401233
19791,0.877093
39602,0.0017731333
38008,0.84546524
9426,0.024846459
36664,0.004170294
37235,0.6068833
21279,0.0023428448
17433,0.0062882933
31943,0.0025499286
35504,0.9514
9728,0.0058666123
5341,0.004947441
6580,0.00027156313
32064,0.0001008296
16358,0.008036924
27557,0.4886292
18954,0.06316126
40993,0.004431053
15423,0.009554601
6483,0.0015720857
23182,0.013180122
5686,0.0078003663
22442,0.89517874
9831,0.4165905
32525,0.22263125
1794,0.01087436
24952,0.004049033
10650,0.013682964
29692,0.07858985
6311,0.0028833654
6199,0.00072714896
40768,0.0009672439
21072,0.060840815
39840,0.0011979116
20642,0.7178174
22805,0.0013033642
30353,0.0009516743
9830,0.8952526
20007,0.30807266
14722,0.025390757
35764,0.90520185
19392,0.00080593425
4620,0.00016698809
4305,0.0015695287
7643,0.08339506
38976,0.6996163
37057,6.236044e-05
4579,0.06484769
14452,0.72089154
28661,0.7865213
25456,0.0023633803
39981,0.0013863425
38359,0.90094686
33558,0.011648557
11450,0.34584516
11056,0.004927736
18729,8.338393e-05
14490,0.0051688193
15125,0.7011609
36769,0.051915582
36887,0.13164766
18628,0.042150296
17411,0.0004492602
26825,0.00015057903
25960,0.0008703334
8617,0.00010557857
7920,0.010742605
23217,0.0040926207
25119,0.12760882
9633,0.0047905934
31492,0.0065010507
1613,0.0006495945
20097,0.96001256
12859,0.004751462
27308,0.44344658
17874,0.9074615
13295,0.044796247
4159,0.0012850496
25550,0.001737366
7701,0.0020590504
6169,0.8449739
119,0.11625024
15520,0.11736978
1534,0.0053651026
3452,0.00044443647
19992,0.004433521
35873,0.12556112
35301,0.0029368808
1555,0.8974585
18290,0.011152555
31937,0.045120757
35008,0.0012016429
8735,0.1323179
2041,0.0023757084
35039,0.58289194
40243,0.044454012
19786,0.005623182
31333,0.91090095
23742,0.89213264
21670,0.039861515
38625,0.0018228387
15382,0.034469
2117,0.0005490208
13114,0.38919783
15610,0.002467889
12508,0.00066668575
2647,0.043378726
39562,0.0004421451
27451,0.5604527
35162,0.000112154936
37951,9.198135e-05
5764,0.00035297545
24645,0.0062169516
14458,0.00059002114
18960,0.01854276
21306,0.0050344435
20206,0.7856079
18175,0.8335646
14083,0.93047583
21820,0.052634243
7191,0.004621481
4613,0.509206
39172,0.0010357063
29812,0.00020117137
5705,0.24183682
30488,0.32311776
8145,0.00039401557
21543,0.22100355
10111,0.00079520955
31084,0.021697834
7573,0.0006400174
30282,0.665844
5189,0.8644375
13098,0.019391555
31682,0.0001919169
36306,0.63824487
35819,0.2560718
4783,0.0055275215
34689,0.605186
22349,0.68991786
16549,0.00051425834
15280,0.23754853
33198,0.012748525
1516,0.0043715932
1275,0.00072195585
19866,0.00942158
25408,0.036575213
20965,8.689772e-05
827,0.005291173
7571,0.01070419
9100,0.85758126
29924,0.0013663528
5026,0.0012435658
4985,0.754394
2215,0.030947147
26381,0.00093330187
26463,0.31556466
8020,0.001666718
2009,0.00058611925
8869,0.00063651905
39883,0.0013600774
1812,0.96157235
16031,0.0005248287
28304,0.29900903
21967,0.10569444
37275,0.44028273
512,0.92811173
14886,0.0035076758
17067,0.0001313885
31464,0.1577342
35575,0.39213288
39689,0.0004527054
15606,0.85874635
32421,0.018973408
9172,0.000340641
4660,0.031219058
30142,0.75379515
36649,0.008406746
27196,0.34853545
31256,0.0009264298
21496,0.00060283026
24095,0.0025742708
640,0.0006400528
23891,0.0027082711
2434,0.76900136
40758,0.0015564072
35049,0.0005210889
1456,0.0025052417
37408,0.002597531
31787,0.0029341187
26108,0.0073870705
32629,0.0005698677
29676,9.6389405e-05
26608,8.056913e-05
20818,0.00042209163
31404,0.06918381
24407,0.530614
17381,0.00013198282
7686,0.9276642
30279,0.0012401261
37524,0.00056973414
40040,0.3685395
34548,0.8400252
40459,0.0039642486
22903,0.8252495
9448,0.5623264
36510,0.33202517
15999,0.3953078
28265,0.00025210044
36944,0.0022305567
40454,0.0005449823
7478,0.00017103367
19822,0.0015818789
37313,0.0034502477
25918,0.019485498
37206,0.90257853
14149,0.0004323754
241,0.04803245
4170,0.0031567903
15335,0.042665817
33136,0.08275592
35717,0.0008171254
41140,0.6427767
39082,0.24930243
40615,0.003650412
22827,0.0045742705
18241,0.42658144
3287,0.00060220086
15727,0.005920693
24088,5.441817e-05
21766,0.0029671676
39495,0.04261975
38793,0.8041181
2946,0.0042998777
5551,0.06594971
14543,0.0038045698
2638,0.712322
11265,0.0005118545
40606,0.012662732
23263,0.0017331534
33244,0.024561787
8372,0.000114527924
35293,0.009814233
33779,6.333601e-05
3882,0.002534371
25015,0.8165426
2191,0.49759567
18583,0.062267028
23942,0.17273887
9733,0.010650345
24786,0.0008804976
4730,0.010267943
35458,0.0013625816
5989,0.2941244
29695,0.0007101423
6400,0.02160563
26088,0.0047157477
28342,0.78773165
28777,0.00038231743
21983,0.0001024971
3580,0.35605788
18783,0.19075333
14061,8.855252e-05
19042,0.00047588337
36339,0.7379588
39491,0.9601177
21619,0.0049293167
23152,0.0003753207
35800,0.011922221
26209,0.007810485
32603,0.100415416
31239,0.0031930204
14763,0.6440601
34478,0.0027218743
28209,0.0048076897
986,0.008780901
14159,0.0031788915
25055,0.00010316733
122,0.001257371
28288,0.0094970055
1053,0.0028894932
26434,0.11873239
25374,0.12118442
902,0.00076658133
17452,0.00095767167
3208,0.0009766844
10237,0.018590553
29901,0.002331158
10287,0.12213573
2074,0.00079368526
12792,0.0009382523
36692,0.0010499316
7964,0.0014452072
31903,0.923648
29933,0.000101291495
37351,0.1240213
30590,0.54497534
36428,0.82564205
6708,0.0029503957
35483,0.05103794
23971,0.11251325
36837,0.013878474
28300,0.86515296
35174,0.052285656
2304,0.88199246
19114,0.061723813
11551,0.932778
2499,0.30175248
20985,0.015796255
11355,0.42909816
850,0.46894112
13005,0.9291519
25624,0.003594851
5434,0.5887818
23090,0.9280098
9349,0.00082088547
10173,0.006876707
38607,0.0019745098
28692,0.051425666
11296,6.972281e-05
18759,0.001146362
23001,0.92080885
24589,0.00027541956
3309,0.00018462041
23766,0.0009435586
939,0.0010864561
32967,0.51851654
1644,0.00062079646
36337,3.3755827e-05
11451,0.0010939946
19976,0.0032906437
34340,0.64556146
10919,0.77255356
32617,0.4326462
37361,0.03392009
2095,0.03624047
25970,0.0012008369
33193,0.0022336438
20077,0.008205009
18398,0.00010140225
35350,0.22419482
35260,0.62726444
5048,0.8501333
38120,0.0011695013
1994,0.0376348
34408,0.0006569527
3703,0.005714503
13533,0.0008885327
20697,0.008591467
9451,0.00028679747
18652,0.048470594
40542,0.0049563204
17841,0.17311494
212,0.08051029
20989,0.004770846
7589,0.8969156
6542,0.00087858515
1662,0.04521061
4772,0.33739576
33283,0.00045578904
9242,0.188592
3601,0.0009009149
39150,0.01055357
38610,0.001530689
30515,0.006163361
31488,0.00039383775
15348,0.015694462
3493,0.00064481783
19860,0.0003592445
23494,0.00013948145
4036,0.80539393
23961,0.0007975142
15617,0.0027459892
6996,0.6192602
15134,0.899984
39951,0.010322398
10405,0.008585303
26541,0.0084080985
11327,0.0032839784
4380,0.7737402
41050,0.0013354409
6081,0.008458163
8099,0.0013136825
10127,0.028566524
39983,0.0033543347
19378,0.0045130732
40003,0.87963825
40837,0.002193405
16451,0.32028967
12383,0.012854136
40728,0.0029907266
8368,0.820228
34165,0.85496265
29202,0.0001361482
20442,0.0014008597
1520,0.20993425
18086,0.0011440995
31789,0.032620676
38136,0.0005899508
41087,0.98112166
21002,0.00692519
33426,0.00031094352
11868,0.9196582
22022,0.7634099
28137,0.009156686
27979,9.490711e-05
25800,0.0017794195
37471,0.7881046
16807,0.00063982257
12322,0.00014451458
23440,0.0001929078
29431,0.5042753
16627,0.0007621443
1871,0.16350465
